Ref,x,y,Connectivity
65537,1,1,2398
65538,1,2,2398
65539,1,3,2398
65540,1,4,2400
65541,1,5,2400
65542,1,6,2401
65543,1,7,2402
65544,1,8,2404
65545,1,9,2405
65546,1,10,2398
65547,1,11,2302
65548,1,12,2176
65549,1,13,2056
65550,1,14,1991
65551,1,15,1949
65552,1,16,1921
65553,1,17,1903
65554,1,18,1889
65555,1,19,1878
65556,1,20,1872
65557,1,21,1865
65558,1,22,1860
65559,1,23,1857
65560,1,24,1854
65561,1,25,1852
65562,1,26,1850
65563,1,27,1852
65564,1,28,1853
65565,1,29,1846
65566,1,30,1850
65567,1,31,1851
65568,1,32,1849
65569,1,33,1858
65570,1,34,1859
65571,1,35,1862
65572,1,36,1867
65573,1,37,1871
65574,1,38,1877
65575,1,39,1883
65576,1,40,1893
65577,1,41,1904
65578,1,42,1925
65579,1,43,2017
65580,1,44,2134
65581,1,45,2226
65582,1,46,2230
65583,1,47,2224
65584,1,48,2218
65585,1,49,2219
65586,1,50,2194
65587,1,51,2098
65588,1,52,2021
65589,1,53,2001
65590,1,54,1998
65591,1,55,2003
65592,1,56,2014
65593,1,57,2028
65594,1,58,2048
65595,1,59,2073
65596,1,60,2102
65597,1,61,2140
65598,1,62,2189
65599,1,63,2251
65600,1,64,2337
65601,1,65,2453
65602,1,66,2579
65603,1,67,2704
65604,1,68,2830
65605,1,69,2952
65606,1,70,3048
65607,1,71,3082
65608,1,72,3089
65609,1,73,3098
65610,1,74,3110
65611,1,75,3121
65612,1,76,3129
65613,1,77,3141
65614,1,78,3151
65615,1,79,3159
65616,1,80,3172
65617,1,81,3184
65618,1,82,3193
65619,1,83,3205
65620,1,84,3216
65621,1,85,3227
65622,1,86,3236
65623,1,87,3247
65624,1,88,3251
65625,1,89,3267
131073,2,1,2395
131074,2,2,2395
131075,2,3,2396
131076,2,4,2396
131077,2,5,2397
131078,2,6,2398
131079,2,7,2398
131080,2,8,2400
131081,2,9,2401
131082,2,10,2394
131083,2,11,2293
131084,2,12,2158
131085,2,13,2037
131086,2,14,1973
131087,2,15,1934
131088,2,16,1903
131089,2,17,1894
131090,2,18,1879
131091,2,19,1865
131092,2,20,1862
131093,2,21,1856
131094,2,22,1850
131095,2,23,1849
131096,2,24,1846
131097,2,25,1842
131098,2,26,1842
131099,2,27,1843
131100,2,28,1839
131101,2,29,1842
131102,2,30,1844
131103,2,31,1843
131104,2,32,1846
131105,2,33,1846
131106,2,34,1845
131107,2,35,1856
131108,2,36,1856
131109,2,37,1860
131110,2,38,1867
131111,2,39,1872
131112,2,40,1881
131113,2,41,1894
131114,2,42,1911
131115,2,43,1990
131116,2,44,2123
131117,2,45,2219
131118,2,46,2217
131119,2,47,2213
131120,2,48,2210
131121,2,49,2209
131122,2,50,2184
131123,2,51,2090
131124,2,52,1993
131125,2,53,1984
131126,2,54,1982
131127,2,55,1986
131128,2,56,1995
131129,2,57,2012
131130,2,58,2025
131131,2,59,2051
131132,2,60,2081
131133,2,61,2109
131134,2,62,2162
131135,2,63,2224
131136,2,64,2293
131137,2,65,2414
131138,2,66,2546
131139,2,67,2678
131140,2,68,2810
131141,2,69,2946
131142,2,70,3048
131143,2,71,3082
131144,2,72,3090
131145,2,73,3098
131146,2,74,3109
131147,2,75,3120
131148,2,76,3131
131149,2,77,3141
131150,2,78,3152
131151,2,79,3164
131152,2,80,3175
131153,2,81,3186
131154,2,82,3195
131155,2,83,3205
131156,2,84,3217
131157,2,85,3228
131158,2,86,3238
131159,2,87,3248
131160,2,88,3262
131161,2,89,3272
196609,3,1,2391
196610,3,2,2390
196611,3,3,2394
196612,3,4,2394
196613,3,5,2394
196614,3,6,2395
196615,3,7,2396
196616,3,8,2397
196617,3,9,2398
196618,3,10,2389
196619,3,11,2281
196620,3,12,2141
196621,3,13,2022
196622,3,14,1960
196623,3,15,1923
196624,3,16,1898
196625,3,17,1881
196626,3,18,1868
196627,3,19,1857
196628,3,20,1856
196629,3,21,1849
196630,3,22,1844
196631,3,23,1841
196632,3,24,1839
196633,3,25,1838
196634,3,26,1837
196635,3,27,1829
196636,3,28,1832
196637,3,29,1837
196638,3,30,1836
196639,3,31,1837
196640,3,32,1839
196641,3,33,1839
196642,3,34,1843
196643,3,35,1845
196644,3,36,1843
196645,3,37,1856
196646,3,38,1859
196647,3,39,1865
196648,3,40,1873
196649,3,41,1884
196650,3,42,1902
196651,3,43,1974
196652,3,44,2103
196653,3,45,2209
196654,3,46,2211
196655,3,47,2205
196656,3,48,2202
196657,3,49,2200
196658,3,50,2173
196659,3,51,2071
196660,3,52,1987
196661,3,53,1960
196662,3,54,1968
196663,3,55,1973
196664,3,56,1981
196665,3,57,1994
196666,3,58,2013
196667,3,59,2034
196668,3,60,2062
196669,3,61,2093
196670,3,62,2137
196671,3,63,2193
196672,3,64,2268
196673,3,65,2376
196674,3,66,2516
196675,3,67,2654
196676,3,68,2796
196677,3,69,2938
196678,3,70,3047
196679,3,71,3081
196680,3,72,3089
196681,3,73,3097
196682,3,74,3109
196683,3,75,3121
196684,3,76,3130
196685,3,77,3143
196686,3,78,3151
196687,3,79,3163
196688,3,80,3174
196689,3,81,3186
196690,3,82,3196
196691,3,83,3205
196692,3,84,3218
196693,3,85,3230
196694,3,86,3240
196695,3,87,3250
196696,3,88,3263
196697,3,89,3275
262145,4,1,2390
262146,4,2,2389
262147,4,3,2390
262148,4,4,2390
262149,4,5,2390
262150,4,6,2390
262151,4,7,2394
262152,4,8,2394
262153,4,9,2394
262154,4,10,2386
262155,4,11,2267
262156,4,12,2116
262157,4,13,2002
262158,4,14,1941
262159,4,15,1911
262160,4,16,1887
262161,4,17,1872
262162,4,18,1855
262163,4,19,1851
262164,4,20,1844
262165,4,21,1838
262166,4,22,1832
262167,4,23,1835
262168,4,24,1832
262169,4,25,1831
262170,4,26,1823
262171,4,27,1825
262172,4,28,1826
262173,4,29,1826
262174,4,30,1828
262175,4,31,1830
262176,4,32,1830
262177,4,33,1833
262178,4,34,1832
262179,4,35,1837
262180,4,36,1840
262181,4,37,1841
262182,4,38,1845
262183,4,39,1856
262184,4,40,1864
262185,4,41,1873
262186,4,42,1887
262187,4,43,1944
262188,4,44,2087
262189,4,45,2202
262190,4,46,2201
262191,4,47,2196
262192,4,48,2192
262193,4,49,2190
262194,4,50,2161
262195,4,51,2050
262196,4,52,1969
262197,4,53,1953
262198,4,54,1941
262199,4,55,1958
262200,4,56,1965
262201,4,57,1979
262202,4,58,1988
262203,4,59,2013
262204,4,60,2038
262205,4,61,2070
262206,4,62,2103
262207,4,63,2165
262208,4,64,2235
262209,4,65,2338
262210,4,66,2469
262211,4,67,2627
262212,4,68,2775
262213,4,69,2927
262214,4,70,3047
262215,4,71,3081
262216,4,72,3089
262217,4,73,3097
262218,4,74,3108
262219,4,75,3119
262220,4,76,3129
262221,4,77,3142
262222,4,78,3154
262223,4,79,3164
262224,4,80,3176
262225,4,81,3189
262226,4,82,3196
262227,4,83,3210
262228,4,84,3221
262229,4,85,3231
262230,4,86,3244
262231,4,87,3250
262232,4,88,3266
262233,4,89,3278
327681,5,1,2387
327682,5,2,2386
327683,5,3,2388
327684,5,4,2388
327685,5,5,2388
327686,5,6,2389
327687,5,7,2390
327688,5,8,2390
327689,5,9,2390
327690,5,10,2381
327691,5,11,2255
327692,5,12,2095
327693,5,13,1980
327694,5,14,1929
327695,5,15,1892
327696,5,16,1875
327697,5,17,1862
327698,5,18,1851
327699,5,19,1841
327700,5,20,1834
327701,5,21,1831
327702,5,22,1826
327703,5,23,1826
327704,5,24,1823
327705,5,25,1814
327706,5,26,1821
327707,5,27,1820
327708,5,28,1818
327709,5,29,1819
327710,5,30,1817
327711,5,31,1822
327712,5,32,1824
327713,5,33,1824
327714,5,34,1826
327715,5,35,1827
327716,5,36,1832
327717,5,37,1834
327718,5,38,1841
327719,5,39,1845
327720,5,40,1845
327721,5,41,1863
327722,5,42,1877
327723,5,43,1919
327724,5,44,2071
327725,5,45,2191
327726,5,46,2194
327727,5,47,2188
327728,5,48,2183
327729,5,49,2179
327730,5,50,2150
327731,5,51,2029
327732,5,52,1953
327733,5,53,1937
327734,5,54,1936
327735,5,55,1928
327736,5,56,1948
327737,5,57,1960
327738,5,58,1973
327739,5,59,1994
327740,5,60,2014
327741,5,61,2047
327742,5,62,2086
327743,5,63,2137
327744,5,64,2201
327745,5,65,2287
327746,5,66,2435
327747,5,67,2592
327748,5,68,2757
327749,5,69,2917
327750,5,70,3044
327751,5,71,3078
327752,5,72,3087
327753,5,73,3096
327754,5,74,3108
327755,5,75,3119
327756,5,76,3131
327757,5,77,3143
327758,5,78,3154
327759,5,79,3166
327760,5,80,3173
327761,5,81,3188
327762,5,82,3199
327763,5,83,3212
327764,5,84,3223
327765,5,85,3233
327766,5,86,3245
327767,5,87,3260
327768,5,88,3270
327769,5,89,3282
393217,6,1,2384
393218,6,2,2383
393219,6,3,2383
393220,6,4,2385
393221,6,5,2386
393222,6,6,2386
393223,6,7,2386
393224,6,8,2388
393225,6,9,2388
393226,6,10,2380
393227,6,11,2241
393228,6,12,2066
393229,6,13,1964
393230,6,14,1911
393231,6,15,1885
393232,6,16,1863
393233,6,17,1846
393234,6,18,1841
393235,6,19,1834
393236,6,20,1828
393237,6,21,1823
393238,6,22,1820
393239,6,23,1818
393240,6,24,1810
393241,6,25,1812
393242,6,26,1812
393243,6,27,1811
393244,6,28,1809
393245,6,29,1813
393246,6,30,1812
393247,6,31,1811
393248,6,32,1816
393249,6,33,1818
393250,6,34,1819
393251,6,35,1820
393252,6,36,1824
393253,6,37,1828
393254,6,38,1827
393255,6,39,1835
393256,6,40,1842
393257,6,41,1851
393258,6,42,1862
393259,6,43,1892
393260,6,44,2055
393261,6,45,2187
393262,6,46,2187
393263,6,47,2180
393264,6,48,2174
393265,6,49,2167
393266,6,50,2142
393267,6,51,2009
393268,6,52,1934
393269,6,53,1921
393270,6,54,1918
393271,6,55,1923
393272,6,56,1923
393273,6,57,1943
393274,6,58,1957
393275,6,59,1976
393276,6,60,1997
393277,6,61,2026
393278,6,62,2061
393279,6,63,2101
393280,6,64,2167
393281,6,65,2257
393282,6,66,2385
393283,6,67,2560
393284,6,68,2730
393285,6,69,2904
393286,6,70,3044
393287,6,71,3077
393288,6,72,3087
393289,6,73,3096
393290,6,74,3108
393291,6,75,3121
393292,6,76,3132
393293,6,77,3142
393294,6,78,3154
393295,6,79,3167
393296,6,80,3178
393297,6,81,3190
393298,6,82,3201
393299,6,83,3214
393300,6,84,3224
393301,6,85,3238
393302,6,86,3249
393303,6,87,3263
393304,6,88,3275
393305,6,89,3287
458753,7,1,2381
458754,7,2,2380
458755,7,3,2380
458756,7,4,2380
458757,7,5,2380
458758,7,6,2383
458759,7,7,2384
458760,7,8,2384
458761,7,9,2385
458762,7,10,2377
458763,7,11,2222
458764,7,12,2044
458765,7,13,1947
458766,7,14,1900
458767,7,15,1872
458768,7,16,1853
458769,7,17,1838
458770,7,18,1828
458771,7,19,1824
458772,7,20,1820
458773,7,21,1816
458774,7,22,1813
458775,7,23,1805
458776,7,24,1806
458777,7,25,1806
458778,7,26,1806
458779,7,27,1805
458780,7,28,1805
458781,7,29,1806
458782,7,30,1803
458783,7,31,1802
458784,7,32,1807
458785,7,33,1810
458786,7,34,1811
458787,7,35,1814
458788,7,36,1813
458789,7,37,1817
458790,7,38,1822
458791,7,39,1828
458792,7,40,1834
458793,7,41,1842
458794,7,42,1855
458795,7,43,1878
458796,7,44,2027
458797,7,45,2180
458798,7,46,2179
458799,7,47,2171
458800,7,48,2166
458801,7,49,2158
458802,7,50,2130
458803,7,51,1981
458804,7,52,1920
458805,7,53,1907
458806,7,54,1905
458807,7,55,1909
458808,7,56,1915
458809,7,57,1917
458810,7,58,1941
458811,7,59,1957
458812,7,60,1978
458813,7,61,2004
458814,7,62,2036
458815,7,63,2076
458816,7,64,2135
458817,7,65,2217
458818,7,66,2340
458819,7,67,2520
458820,7,68,2704
458821,7,69,2888
458822,7,70,3042
458823,7,71,3076
458824,7,72,3086
458825,7,73,3096
458826,7,74,3108
458827,7,75,3121
458828,7,76,3129
458829,7,77,3143
458830,7,78,3153
458831,7,79,3167
458832,7,80,3180
458833,7,81,3192
458834,7,82,3201
458835,7,83,3217
458836,7,84,3229
458837,7,85,3241
458838,7,86,3249
458839,7,87,3267
458840,7,88,3276
458841,7,89,3289
524289,8,1,2378
524290,8,2,2377
524291,8,3,2378
524292,8,4,2378
524293,8,5,2379
524294,8,6,2379
524295,8,7,2380
524296,8,8,2380
524297,8,9,2380
524298,8,10,2372
524299,8,11,2205
524300,8,12,2015
524301,8,13,1925
524302,8,14,1881
524303,8,15,1859
524304,8,16,1837
524305,8,17,1830
524306,8,18,1819
524307,8,19,1813
524308,8,20,1809
524309,8,21,1805
524310,8,22,1798
524311,8,23,1802
524312,8,24,1799
524313,8,25,1798
524314,8,26,1796
524315,8,27,1797
524316,8,28,1795
524317,8,29,1797
524318,8,30,1797
524319,8,31,1797
524320,8,32,1798
524321,8,33,1799
524322,8,34,1799
524323,8,35,1805
524324,8,36,1806
524325,8,37,1808
524326,8,38,1812
524327,8,39,1816
524328,8,40,1822
524329,8,41,1830
524330,8,42,1841
524331,8,43,1864
524332,8,44,2011
524333,8,45,2172
524334,8,46,2165
524335,8,47,2162
524336,8,48,2155
524337,8,49,2148
524338,8,50,2119
524339,8,51,1957
524340,8,52,1900
524341,8,53,1890
524342,8,54,1887
524343,8,55,1893
524344,8,56,1898
524345,8,57,1909
524346,8,58,1911
524347,8,59,1937
524348,8,60,1955
524349,8,61,1979
524350,8,62,2005
524351,8,63,2049
524352,8,64,2094
524353,8,65,2178
524354,8,66,2283
524355,8,67,2465
524356,8,68,2668
524357,8,69,2872
524358,8,70,3041
524359,8,71,3075
524360,8,72,3086
524361,8,73,3097
524362,8,74,3107
524363,8,75,3120
524364,8,76,3133
524365,8,77,3145
524366,8,78,3158
524367,8,79,3170
524368,8,80,3183
524369,8,81,3195
524370,8,82,3208
524371,8,83,3220
524372,8,84,3232
524373,8,85,3244
524374,8,86,3258
524375,8,87,3269
524376,8,88,3282
524377,8,89,3295
589825,9,1,2375
589826,9,2,2375
589827,9,3,2374
589828,9,4,2374
589829,9,5,2377
589830,9,6,2377
589831,9,7,2377
589832,9,8,2378
589833,9,9,2378
589834,9,10,2370
589835,9,11,2181
589836,9,12,1991
589837,9,13,1910
589838,9,14,1869
589839,9,15,1845
589840,9,16,1831
589841,9,17,1820
589842,9,18,1812
589843,9,19,1806
589844,9,20,1801
589845,9,21,1794
589846,9,22,1794
589847,9,23,1792
589848,9,24,1793
589849,9,25,1790
589850,9,26,1789
589851,9,27,1790
589852,9,28,1789
589853,9,29,1791
589854,9,30,1790
589855,9,31,1792
589856,9,32,1790
589857,9,33,1791
589858,9,34,1792
589859,9,35,1797
589860,9,36,1797
589861,9,37,1799
589862,9,38,1806
589863,9,39,1809
589864,9,40,1814
589865,9,41,1822
589866,9,42,1833
589867,9,43,1851
589868,9,44,1984
589869,9,45,2163
589870,9,46,2161
589871,9,47,2154
589872,9,48,2142
589873,9,49,2139
589874,9,50,2110
589875,9,51,1936
589876,9,52,1888
589877,9,53,1877
589878,9,54,1874
589879,9,55,1877
589880,9,56,1883
589881,9,57,1893
589882,9,58,1903
589883,9,59,1909
589884,9,60,1936
589885,9,61,1955
589886,9,62,1984
589887,9,63,2021
589888,9,64,2070
589889,9,65,2138
589890,9,66,2242
589891,9,67,2414
589892,9,68,2633
589893,9,69,2852
589894,9,70,3041
589895,9,71,3075
589896,9,72,3084
589897,9,73,3096
589898,9,74,3107
589899,9,75,3121
589900,9,76,3133
589901,9,77,3146
589902,9,78,3158
589903,9,79,3171
589904,9,80,3184
589905,9,81,3197
589906,9,82,3210
589907,9,83,3222
589908,9,84,3235
589909,9,85,3247
589910,9,86,3261
589911,9,87,3273
589912,9,88,3285
589913,9,89,3299
655361,10,1,2373
655362,10,2,2372
655363,10,3,2371
655364,10,4,2371
655365,10,5,2371
655366,10,6,2373
655367,10,7,2374
655368,10,8,2374
655369,10,9,2374
655370,10,10,2365
655371,10,11,2158
655372,10,12,1963
655373,10,13,1891
655374,10,14,1854
655375,10,15,1829
655376,10,16,1819
655377,10,17,1810
655378,10,18,1802
655379,10,19,1796
655380,10,20,1787
655381,10,21,1790
655382,10,22,1786
655383,10,23,1785
655384,10,24,1783
655385,10,25,1780
655386,10,26,1783
655387,10,27,1783
655388,10,28,1782
655389,10,29,1782
655390,10,30,1778
655391,10,31,1783
655392,10,32,1784
655393,10,33,1785
655394,10,34,1785
655395,10,35,1785
655396,10,36,1791
655397,10,37,1792
655398,10,38,1795
655399,10,39,1799
655400,10,40,1798
655401,10,41,1810
655402,10,42,1820
655403,10,43,1838
655404,10,44,1956
655405,10,45,2153
655406,10,46,2154
655407,10,47,2145
655408,10,48,2137
655409,10,49,2130
655410,10,50,2094
655411,10,51,1914
655412,10,52,1869
655413,10,53,1861
655414,10,54,1858
655415,10,55,1857
655416,10,56,1866
655417,10,57,1875
655418,10,58,1884
655419,10,59,1899
655420,10,60,1903
655421,10,61,1933
655422,10,62,1958
655423,10,63,1993
655424,10,64,2035
655425,10,65,2091
655426,10,66,2191
655427,10,67,2351
655428,10,68,2586
655429,10,69,2831
655430,10,70,3038
655431,10,71,3072
655432,10,72,3084
655433,10,73,3095
655434,10,74,3108
655435,10,75,3120
655436,10,76,3134
655437,10,77,3148
655438,10,78,3161
655439,10,79,3171
655440,10,80,3184
655441,10,81,3198
655442,10,82,3211
655443,10,83,3225
655444,10,84,3238
655445,10,85,3246
655446,10,86,3265
655447,10,87,3278
655448,10,88,3288
655449,10,89,3304
720897,11,1,2370
720898,11,2,2369
720899,11,3,2369
720900,11,4,2369
720901,11,5,2369
720902,11,6,2369
720903,11,7,2369
720904,11,8,2371
720905,11,9,2371
720906,11,10,2363
720907,11,11,2125
720908,11,12,1939
720909,11,13,1869
720910,11,14,1840
720911,11,15,1820
720912,11,16,1805
720913,11,17,1800
720914,11,18,1793
720915,11,19,1784
720916,11,20,1785
720917,11,21,1782
720918,11,22,1778
720919,11,23,1778
720920,11,24,1775
720921,11,25,1773
720922,11,26,1775
720923,11,27,1774
720924,11,28,1773
720925,11,29,1774
720926,11,30,1776
720927,11,31,1774
720928,11,32,1777
720929,11,33,1776
720930,11,34,1776
720931,11,35,1780
720932,11,36,1781
720933,11,37,1783
720934,11,38,1786
720935,11,39,1789
720936,11,40,1794
720937,11,41,1800
720938,11,42,1807
720939,11,43,1823
720940,11,44,1923
720941,11,45,2150
720942,11,46,2144
720943,11,47,2137
720944,11,48,2127
720945,11,49,2118
720946,11,50,2089
720947,11,51,1893
720948,11,52,1850
720949,11,53,1844
720950,11,54,1844
720951,11,55,1845
720952,11,56,1850
720953,11,57,1859
720954,11,58,1867
720955,11,59,1877
720956,11,60,1893
720957,11,61,1903
720958,11,62,1935
720959,11,63,1965
720960,11,64,2000
720961,11,65,2060
720962,11,66,2145
720963,11,67,2280
720964,11,68,2532
720965,11,69,2800
720966,11,70,3038
720967,11,71,3072
720968,11,72,3084
720969,11,73,3096
720970,11,74,3107
720971,11,75,3122
720972,11,76,3135
720973,11,77,3148
720974,11,78,3160
720975,11,79,3175
720976,11,80,3188
720977,11,81,3198
720978,11,82,3213
720979,11,83,3228
720980,11,84,3240
720981,11,85,3256
720982,11,86,3266
720983,11,87,3281
720984,11,88,3294
720985,11,89,3308
786433,12,1,2367
786434,12,2,2366
786435,12,3,2366
786436,12,4,2366
786437,12,5,2366
786438,12,6,2366
786439,12,7,2368
786440,12,8,2368
786441,12,9,2368
786442,12,10,2359
786443,12,11,2088
786444,12,12,1910
786445,12,13,1853
786446,12,14,1821
786447,12,15,1809
786448,12,16,1796
786449,12,17,1789
786450,12,18,1778
786451,12,19,1778
786452,12,20,1775
786453,12,21,1772
786454,12,22,1769
786455,12,23,1771
786456,12,24,1769
786457,12,25,1769
786458,12,26,1765
786459,12,27,1766
786460,12,28,1766
786461,12,29,1765
786462,12,30,1766
786463,12,31,1769
786464,12,32,1768
786465,12,33,1770
786466,12,34,1768
786467,12,35,1771
786468,12,36,1772
786469,12,37,1773
786470,12,38,1776
786471,12,39,1781
786472,12,40,1785
786473,12,41,1789
786474,12,42,1796
786475,12,43,1811
786476,12,44,1880
786477,12,45,2141
786478,12,46,2136
786479,12,47,2129
786480,12,48,2118
786481,12,49,2109
786482,12,50,2076
786483,12,51,1872
786484,12,52,1836
786485,12,53,1829
786486,12,54,1823
786487,12,55,1832
786488,12,56,1835
786489,12,57,1843
786490,12,58,1845
786491,12,59,1859
786492,12,60,1872
786493,12,61,1888
786494,12,62,1900
786495,12,63,1936
786496,12,64,1970
786497,12,65,2022
786498,12,66,2087
786499,12,67,2220
786500,12,68,2459
786501,12,69,2765
786502,12,70,3037
786503,12,71,3071
786504,12,72,3084
786505,12,73,3097
786506,12,74,3108
786507,12,75,3121
786508,12,76,3135
786509,12,77,3149
786510,12,78,3163
786511,12,79,3177
786512,12,80,3190
786513,12,81,3205
786514,12,82,3216
786515,12,83,3230
786516,12,84,3243
786517,12,85,3258
786518,12,86,3271
786519,12,87,3285
786520,12,88,3299
786521,12,89,3313
851969,13,1,2364
851970,13,2,2363
851971,13,3,2362
851972,13,4,2363
851973,13,5,2363
851974,13,6,2363
851975,13,7,2363
851976,13,8,2365
851977,13,9,2365
851978,13,10,2356
851979,13,11,2042
851980,13,12,1887
851981,13,13,1835
851982,13,14,1809
851983,13,15,1796
851984,13,16,1786
851985,13,17,1774
851986,13,18,1774
851987,13,19,1770
851988,13,20,1767
851989,13,21,1764
851990,13,22,1764
851991,13,23,1762
851992,13,24,1758
851993,13,25,1760
851994,13,26,1760
851995,13,27,1759
851996,13,28,1758
851997,13,29,1760
851998,13,30,1760
851999,13,31,1758
852000,13,32,1761
852001,13,33,1762
852002,13,34,1762
852003,13,35,1762
852004,13,36,1766
852005,13,37,1767
852006,13,38,1766
852007,13,39,1772
852008,13,40,1775
852009,13,41,1779
852010,13,42,1784
852011,13,43,1799
852012,13,44,1835
852013,13,45,2134
852014,13,46,2131
852015,13,47,2119
852016,13,48,2109
852017,13,49,2096
852018,13,50,2068
852019,13,51,1852
852020,13,52,1821
852021,13,53,1814
852022,13,54,1813
852023,13,55,1815
852024,13,56,1816
852025,13,57,1824
852026,13,58,1832
852027,13,59,1841
852028,13,60,1852
852029,13,61,1865
852030,13,62,1883
852031,13,63,1899
852032,13,64,1937
852033,13,65,1981
852034,13,66,2046
852035,13,67,2156
852036,13,68,2376
852037,13,69,2721
852038,13,70,3036
852039,13,71,3069
852040,13,72,3082
852041,13,73,3094
852042,13,74,3108
852043,13,75,3122
852044,13,76,3134
852045,13,77,3148
852046,13,78,3163
852047,13,79,3177
852048,13,80,3191
852049,13,81,3206
852050,13,82,3218
852051,13,83,3234
852052,13,84,3243
852053,13,85,3262
852054,13,86,3276
852055,13,87,3291
852056,13,88,3303
852057,13,89,3319
917505,14,1,2362
917506,14,2,2361
917507,14,3,2360
917508,14,4,2360
917509,14,5,2361
917510,14,6,2361
917511,14,7,2361
917512,14,8,2361
917513,14,9,2361
917514,14,10,2352
917515,14,11,1993
917516,14,12,1858
917517,14,13,1813
917518,14,14,1794
917519,14,15,1782
917520,14,16,1769
917521,14,17,1768
917522,14,18,1763
917523,14,19,1759
917524,14,20,1758
917525,14,21,1756
917526,14,22,1753
917527,14,23,1755
917528,14,24,1753
917529,14,25,1752
917530,14,26,1752
917531,14,27,1752
917532,14,28,1750
917533,14,29,1752
917534,14,30,1752
917535,14,31,1751
917536,14,32,1752
917537,14,33,1753
917538,14,34,1753
917539,14,35,1756
917540,14,36,1756
917541,14,37,1757
917542,14,38,1759
917543,14,39,1760
917544,14,40,1763
917545,14,41,1768
917546,14,42,1773
917547,14,43,1784
917548,14,44,1816
917549,14,45,2128
917550,14,46,2122
917551,14,47,2112
917552,14,48,2100
917553,14,49,2088
917554,14,50,2057
917555,14,51,1831
917556,14,52,1801
917557,14,53,1797
917558,14,54,1797
917559,14,55,1799
917560,14,56,1801
917561,14,57,1807
917562,14,58,1809
917563,14,59,1821
917564,14,60,1830
917565,14,61,1841
917566,14,62,1856
917567,14,63,1877
917568,14,64,1895
917569,14,65,1941
917570,14,66,1995
917571,14,67,2085
917572,14,68,2274
917573,14,69,2660
917574,14,70,3034
917575,14,71,3068
917576,14,72,3082
917577,14,73,3096
917578,14,74,3109
917579,14,75,3123
917580,14,76,3137
917581,14,77,3152
917582,14,78,3166
917583,14,79,3181
917584,14,80,3195
917585,14,81,3210
917586,14,82,3224
917587,14,83,3238
917588,14,84,3254
917589,14,85,3268
917590,14,86,3282
917591,14,87,3297
917592,14,88,3311
917593,14,89,3325
983041,15,1,2360
983042,15,2,2359
983043,15,3,2358
983044,15,4,2358
983045,15,5,2358
983046,15,6,2359
983047,15,7,2359
983048,15,8,2359
983049,15,9,2359
983050,15,10,2350
983051,15,11,1946
983052,15,12,1836
983053,15,13,1799
983054,15,14,1781
983055,15,15,1766
983056,15,16,1763
983057,15,17,1758
983058,15,18,1754
983059,15,19,1751
983060,15,20,1747
983061,15,21,1748
983062,15,22,1746
983063,15,23,1746
983064,15,24,1745
983065,15,25,1742
983066,15,26,1745
983067,15,27,1745
983068,15,28,1745
983069,15,29,1745
983070,15,30,1743
983071,15,31,1746
983072,15,32,1746
983073,15,33,1746
983074,15,34,1746
983075,15,35,1745
983076,15,36,1749
983077,15,37,1749
983078,15,38,1751
983079,15,39,1753
983080,15,40,1752
983081,15,41,1759
983082,15,42,1764
983083,15,43,1773
983084,15,44,1798
983085,15,45,2117
983086,15,46,2115
983087,15,47,2104
983088,15,48,2091
983089,15,49,2079
983090,15,50,2044
983091,15,51,1809
983092,15,52,1788
983093,15,53,1783
983094,15,54,1782
983095,15,55,1779
983096,15,56,1786
983097,15,57,1790
983098,15,58,1795
983099,15,59,1802
983100,15,60,1805
983101,15,61,1819
983102,15,62,1832
983103,15,63,1849
983104,15,64,1871
983105,15,65,1894
983106,15,66,1949
983107,15,67,2027
983108,15,68,2184
983109,15,69,2579
983110,15,70,3033
983111,15,71,3067
983112,15,72,3081
983113,15,73,3096
983114,15,74,3109
983115,15,75,3123
983116,15,76,3139
983117,15,77,3154
983118,15,78,3166
983119,15,79,3184
983120,15,80,3195
983121,15,81,3214
983122,15,82,3227
983123,15,83,3243
983124,15,84,3258
983125,15,85,3271
983126,15,86,3285
983127,15,87,3303
983128,15,88,3317
983129,15,89,3332
1048577,16,1,2356
1048578,16,2,2355
1048579,16,3,2355
1048580,16,4,2355
1048581,16,5,2355
1048582,16,6,2355
1048583,16,7,2356
1048584,16,8,2356
1048585,16,9,2356
1048586,16,10,2347
1048587,16,11,1898
1048588,16,12,1808
1048589,16,13,1781
1048590,16,14,1763
1048591,16,15,1759
1048592,16,16,1752
1048593,16,17,1749
1048594,16,18,1744
1048595,16,19,1744
1048596,16,20,1742
1048597,16,21,1741
1048598,16,22,1738
1048599,16,23,1739
1048600,16,24,1738
1048601,16,25,1738
1048602,16,26,1736
1048603,16,27,1737
1048604,16,28,1736
1048605,16,29,1736
1048606,16,30,1736
1048607,16,31,1737
1048608,16,32,1737
1048609,16,33,1738
1048610,16,34,1738
1048611,16,35,1740
1048612,16,36,1740
1048613,16,37,1741
1048614,16,38,1742
1048615,16,39,1744
1048616,16,40,1746
1048617,16,41,1747
1048618,16,42,1751
1048619,16,43,1758
1048620,16,44,1778
1048621,16,45,2114
1048622,16,46,2107
1048623,16,47,2094
1048624,16,48,2081
1048625,16,49,2068
1048626,16,50,2034
1048627,16,51,1788
1048628,16,52,1770
1048629,16,53,1768
1048630,16,54,1764
1048631,16,55,1769
1048632,16,56,1770
1048633,16,57,1774
1048634,16,58,1775
1048635,16,59,1783
1048636,16,60,1789
1048637,16,61,1798
1048638,16,62,1804
1048639,16,63,1821
1048640,16,64,1837
1048641,16,65,1864
1048642,16,66,1893
1048643,16,67,1963
1048644,16,68,2083
1048645,16,69,2455
1048646,16,70,3033
1048647,16,71,3067
1048648,16,72,3082
1048649,16,73,3096
1048650,16,74,3112
1048651,16,75,3127
1048652,16,76,3141
1048653,16,77,3157
1048654,16,78,3172
1048655,16,79,3186
1048656,16,80,3203
1048657,16,81,3218
1048658,16,82,3232
1048659,16,83,3243
1048660,16,84,3264
1048661,16,85,3278
1048662,16,86,3294
1048663,16,87,3309
1048664,16,88,3323
1048665,16,89,3339
1114113,17,1,2354
1114114,17,2,2354
1114115,17,3,2352
1114116,17,4,2352
1114117,17,5,2352
1114118,17,6,2352
1114119,17,7,2352
1114120,17,8,2352
1114121,17,9,2352
1114122,17,10,2343
1114123,17,11,1848
1114124,17,12,1783
1114125,17,13,1758
1114126,17,14,1751
1114127,17,15,1745
1114128,17,16,1739
1114129,17,17,1738
1114130,17,18,1736
1114131,17,19,1733
1114132,17,20,1734
1114133,17,21,1733
1114134,17,22,1731
1114135,17,23,1732
1114136,17,24,1731
1114137,17,25,1730
1114138,17,26,1731
1114139,17,27,1731
1114140,17,28,1730
1114141,17,29,1731
1114142,17,30,1731
1114143,17,31,1730
1114144,17,32,1731
1114145,17,33,1731
1114146,17,34,1731
1114147,17,35,1732
1114148,17,36,1732
1114149,17,37,1732
1114150,17,38,1733
1114151,17,39,1733
1114152,17,40,1735
1114153,17,41,1737
1114154,17,42,1739
1114155,17,43,1745
1114156,17,44,1761
1114157,17,45,2108
1114158,17,46,2101
1114159,17,47,2088
1114160,17,48,2073
1114161,17,49,2058
1114162,17,50,2026
1114163,17,51,1768
1114164,17,52,1755
1114165,17,53,1752
1114166,17,54,1753
1114167,17,55,1753
1114168,17,56,1755
1114169,17,57,1758
1114170,17,58,1760
1114171,17,59,1765
1114172,17,60,1770
1114173,17,61,1774
1114174,17,62,1783
1114175,17,63,1793
1114176,17,64,1803
1114177,17,65,1825
1114178,17,66,1853
1114179,17,67,1893
1114180,17,68,1993
1114181,17,69,2273
1114182,17,70,3033
1114183,17,71,3067
1114184,17,72,3082
1114185,17,73,3098
1114186,17,74,3113
1114187,17,75,3129
1114188,17,76,3144
1114189,17,77,3160
1114190,17,78,3175
1114191,17,79,3191
1114192,17,80,3206
1114193,17,81,3222
1114194,17,82,3237
1114195,17,83,3254
1114196,17,84,3269
1114197,17,85,3285
1114198,17,86,3300
1114199,17,87,3316
1114200,17,88,3331
1114201,17,89,3339
1179649,18,1,2355
1179650,18,2,2354
1179651,18,3,2353
1179652,18,4,2352
1179653,18,5,2352
1179654,18,6,2352
1179655,18,7,2352
1179656,18,8,2352
1179657,18,9,2352
1179658,18,10,2343
1179659,18,11,1803
1179660,18,12,1758
1179661,18,13,1746
1179662,18,14,1738
1179663,18,15,1735
1179664,18,16,1731
1179665,18,17,1730
1179666,18,18,1728
1179667,18,19,1727
1179668,18,20,1726
1179669,18,21,1726
1179670,18,22,1725
1179671,18,23,1725
1179672,18,24,1724
1179673,18,25,1724
1179674,18,26,1723
1179675,18,27,1723
1179676,18,28,1722
1179677,18,29,1722
1179678,18,30,1722
1179679,18,31,1722
1179680,18,32,1722
1179681,18,33,1723
1179682,18,34,1723
1179683,18,35,1724
1179684,18,36,1724
1179685,18,37,1725
1179686,18,38,1726
1179687,18,39,1727
1179688,18,40,1728
1179689,18,41,1729
1179690,18,42,1731
1179691,18,43,1734
1179692,18,44,1744
1179693,18,45,2103
1179694,18,46,2096
1179695,18,47,2081
1179696,18,48,2065
1179697,18,49,2050
1179698,18,50,2016
1179699,18,51,1748
1179700,18,52,1739
1179701,18,53,1739
1179702,18,54,1738
1179703,18,55,1740
1179704,18,56,1740
1179705,18,57,1742
1179706,18,58,1743
1179707,18,59,1747
1179708,18,60,1749
1179709,18,61,1754
1179710,18,62,1758
1179711,18,63,1766
1179712,18,64,1773
1179713,18,65,1787
1179714,18,66,1803
1179715,18,67,1836
1179716,18,68,1893
1179717,18,69,2083
1179718,18,70,3033
1179719,18,71,3067
1179720,18,72,3083
1179721,18,73,3099
1179722,18,74,3115
1179723,18,75,3131
1179724,18,76,3147
1179725,18,77,3163
1179726,18,78,3179
1179727,18,79,3195
1179728,18,80,3211
1179729,18,81,3227
1179730,18,82,3243
1179731,18,83,3259
1179732,18,84,3275
1179733,18,85,3291
1179734,18,86,3307
1179735,18,87,3323
1179736,18,88,3339
1179737,18,89,3356
1245185,19,1,2355
1245186,19,2,2354
1245187,19,3,2353
1245188,19,4,2352
1245189,19,5,2352
1245190,19,6,2352
1245191,19,7,2352
1245192,19,8,2352
1245193,19,9,2352
1245194,19,10,2343
1245195,19,11,1758
1245196,19,12,1738
1245197,19,13,1731
1245198,19,14,1728
1245199,19,15,1726
1245200,19,16,1725
1245201,19,17,1724
1245202,19,18,1723
1245203,19,19,1722
1245204,19,20,1722
1245205,19,21,1722
1245206,19,22,1722
1245207,19,23,1722
1245208,19,24,1722
1245209,19,25,1722
1245210,19,26,1722
1245211,19,27,1722
1245212,19,28,1722
1245213,19,29,1722
1245214,19,30,1722
1245215,19,31,1722
1245216,19,32,1722
1245217,19,33,1722
1245218,19,34,1722
1245219,19,35,1722
1245220,19,36,1722
1245221,19,37,1722
1245222,19,38,1722
1245223,19,39,1722
1245224,19,40,1722
1245225,19,41,1722
1245226,19,42,1723
1245227,19,43,1724
1245228,19,44,1728
1245229,19,45,2098
1245230,19,46,2089
1245231,19,47,2073
1245232,19,48,2057
1245233,19,49,2041
1245234,19,50,2007
1245235,19,51,1728
1245236,19,52,1725
1245237,19,53,1725
1245238,19,54,1725
1245239,19,55,1726
1245240,19,56,1727
1245241,19,57,1728
1245242,19,58,1729
1245243,19,59,1730
1245244,19,60,1731
1245245,19,61,1733
1245246,19,62,1736
1245247,19,63,1739
1245248,19,64,1743
1245249,19,65,1749
1245250,19,66,1758
1245251,19,67,1773
1245252,19,68,1803
1245253,19,69,1893
1245254,19,70,3033
1245255,19,71,3067
1245256,19,72,3083
1245257,19,73,3099
1245258,19,74,3115
1245259,19,75,3133
1245260,19,76,3147
1245261,19,77,3166
1245262,19,78,3181
1245263,19,79,3195
1245264,19,80,3215
1245265,19,81,3232
1245266,19,82,3243
1245267,19,83,3265
1245268,19,84,3281
1245269,19,85,3297
1245270,19,86,3313
1245271,19,87,3331
1245272,19,88,3339
1245273,19,89,3364
1310721,20,1,2332
1310722,20,2,2331
1310723,20,3,2330
1310724,20,4,2329
1310725,20,5,2329
1310726,20,6,2329
1310727,20,7,2329
1310728,20,8,2329
1310729,20,9,2329
1310766,20,46,2064
1310767,20,47,2047
1310768,20,48,2030
1310769,20,49,2013
1310791,20,71,3054
1310792,20,72,3071
1310793,20,73,3088
1310794,20,74,3105
1310795,20,75,3120
1310796,20,76,3139
1310797,20,77,3153
1310798,20,78,3173
1310799,20,79,3190
1310800,20,80,3205
1310801,20,81,3224
1310802,20,82,3241
1310803,20,83,3258
1310804,20,84,3272
1310805,20,85,3290
1310806,20,86,3309
1310807,20,87,3326
1310808,20,88,3343
1310809,20,89,3360
1376257,21,1,2016
1376258,21,2,1971
1376259,21,3,1912
1376260,21,4,1835
1376261,21,5,1729
1376262,21,6,1569
1376263,21,7,1379
1376264,21,8,1189
1376265,21,9,999
1376302,21,46,1220
1376303,21,47,1326
1376304,21,48,1335
1376305,21,49,1212
1376327,21,71,1914
1376328,21,72,2121
1376329,21,73,2329
1376330,21,74,2528
1376331,21,75,2669
1376332,21,76,2767
1376333,21,77,2844
1376334,21,78,2904
1376335,21,79,2956
1376336,21,80,3001
1376337,21,81,3040
1376338,21,82,3076
1376339,21,83,3109
1376340,21,84,3141
1376341,21,85,3169
1376342,21,86,3196
1376343,21,87,3216
1376344,21,88,3249
1376345,21,89,3273
1441793,22,1,1665
1441794,22,2,1571
1441795,22,3,1480
1441796,22,4,1379
1441797,22,5,1289
1441798,22,6,1189
1441799,22,7,1099
1441800,22,8,999
1441801,22,9,909
1441838,22,46,933
1441839,22,47,914
1441840,22,48,897
1441841,22,49,879
1441863,22,71,1825
1441864,22,72,1933
1441865,22,73,2050
1441866,22,74,2159
1441867,22,75,2277
1441868,22,76,2384
1441869,22,77,2503
1441870,22,78,2603
1441871,22,79,2692
1441872,22,80,2762
1441873,22,81,2822
1441874,22,82,2878
1441875,22,83,2931
1441876,22,84,2974
1441877,22,85,3016
1441878,22,86,3053
1441879,22,87,3091
1441880,22,88,3122
1441881,22,89,3157
1507329,23,1,1382
1507330,23,2,1324
1507331,23,3,1260
1507332,23,4,1189
1507333,23,5,1132
1507334,23,6,1069
1507335,23,7,999
1507336,23,8,942
1507337,23,9,879
1507374,23,46,784
1507375,23,47,760
1507376,23,48,741
1507377,23,49,730
1507399,23,71,1796
1507400,23,72,1877
1507401,23,73,1953
1507402,23,74,2040
1507403,23,75,2123
1507404,23,76,2198
1507405,23,77,2287
1507406,23,78,2365
1507407,23,79,2444
1507408,23,80,2532
1507409,23,81,2614
1507410,23,82,2680
1507411,23,83,2753
1507412,23,84,2811
1507413,23,85,2860
1507414,23,86,2906
1507415,23,87,2959
1507416,23,88,2997
1507417,23,89,3042
1572865,24,1,1247
1572866,24,2,1191
1572867,24,3,1150
1572868,24,4,1099
1572869,24,5,1054
1572870,24,6,999
1572871,24,7,959
1572872,24,8,909
1572873,24,9,864
1572910,24,46,703
1572911,24,47,689
1572912,24,48,670
1572913,24,49,646
1572935,24,71,1782
1572936,24,72,1846
1572937,24,73,1915
1572938,24,74,1974
1572939,24,75,2048
1572940,24,76,2112
1572941,24,77,2181
1572942,24,78,2240
1572943,24,79,2314
1572944,24,80,2378
1572945,24,81,2448
1572946,24,82,2507
1572947,24,83,2581
1572948,24,84,2645
1572949,24,85,2712
1572950,24,86,2766
1572951,24,87,2827
1572952,24,88,2876
1572953,24,89,2925
1638401,25,1,1162
1638402,25,2,1124
1638403,25,3,1085
1638404,25,4,1045
1638405,25,5,999
1638406,25,6,969
1638407,25,7,931
1638408,25,8,893
1638409,25,9,855
1638446,25,46,666
1638447,25,47,646
1638448,25,48,627
1638449,25,49,608
1638471,25,71,1774
1638472,25,72,1831
1638473,25,73,1888
1638474,25,74,1946
1638475,25,75,1994
1638476,25,76,2059
1638477,25,77,2119
1638478,25,78,2177
1638479,25,79,2234
1638480,25,80,2280
1638481,25,81,2351
1638482,25,82,2406
1638483,25,83,2466
1638484,25,84,2523
1638485,25,85,2566
1638486,25,86,2640
1638487,25,87,2698
1638488,25,88,2753
1638489,25,89,2810
1703937,26,1,1102
1703938,26,2,1072
1703939,26,3,1041
1703940,26,4,999
1703941,26,5,975
1703942,26,6,942
1703943,26,7,909
1703944,26,8,879
1703945,26,9,849
1703982,26,46,636
1703983,26,47,613
1703984,26,48,593
1703985,26,49,576
1704007,26,71,1769
1704008,26,72,1819
1704009,26,73,1869
1704010,26,74,1922
1704011,26,75,1975
1704012,26,76,2020
1704013,26,77,2080
1704014,26,78,2131
1704015,26,79,2181
1704016,26,80,2235
1704017,26,81,2288
1704018,26,82,2333
1704019,26,83,2393
1704020,26,84,2443
1704021,26,85,2495
1704022,26,86,2548
1704023,26,87,2601
1704024,26,88,2646
1704025,26,89,2706
1769473,27,1,1066
1769474,27,2,1038
1769475,27,3,1001
1769476,27,4,981
1769477,27,5,953
1769478,27,6,926
1769479,27,7,899
1769480,27,8,872
1769481,27,9,845
1769518,27,46,617
1769519,27,47,598
1769520,27,48,577
1769521,27,49,557
1769543,27,71,1766
1769544,27,72,1813
1769545,27,73,1861
1769546,27,74,1907
1769547,27,75,1957
1769548,27,76,2005
1769549,27,77,2042
1769550,27,78,2101
1769551,27,79,2150
1769552,27,80,2199
1769553,27,81,2247
1769554,27,82,2294
1769555,27,83,2343
1769556,27,84,2376
1769557,27,85,2442
1769558,27,86,2488
1769559,27,87,2538
1769560,27,88,2585
1769561,27,89,2635
1835009,28,1,1036
1835010,28,2,1002
1835011,28,3,985
1835012,28,4,960
1835013,28,5,936
1835014,28,6,909
1835015,28,7,889
1835016,28,8,864
1835017,28,9,842
1835054,28,46,602
1835055,28,47,581
1835056,28,48,561
1835057,28,49,538
1835079,28,71,1764
1835080,28,72,1807
1835081,28,73,1852
1835082,28,74,1895
1835083,28,75,1944
1835084,28,76,1988
1835085,28,77,2035
1835086,28,78,2073
1835087,28,79,2123
1835088,28,80,2172
1835089,28,81,2219
1835090,28,82,2260
1835091,28,83,2309
1835092,28,84,2356
1835093,28,85,2400
1835094,28,86,2439
1835095,28,87,2494
1835096,28,88,2533
1835097,28,89,2585
1900545,29,1,1003
1900546,29,2,989
1900547,29,3,967
1900548,29,4,943
1900549,29,5,923
1900550,29,6,902
1900551,29,7,879
1900552,29,8,860
1900553,29,9,839
1900590,29,46,595
1900591,29,47,570
1900592,29,48,548
1900593,29,49,529
1900615,29,71,1762
1900616,29,72,1804
1900617,29,73,1845
1900618,29,74,1891
1900619,29,75,1935
1900620,29,76,1976
1900621,29,77,2023
1900622,29,78,2066
1900623,29,79,2103
1900624,29,80,2155
1900625,29,81,2199
1900626,29,82,2240
1900627,29,83,2279
1900628,29,84,2331
1900629,29,85,2373
1900630,29,86,2418
1900631,29,87,2462
1900632,29,88,2498
1900633,29,89,2551
1966081,30,1,993
1966082,30,2,972
1966083,30,3,953
1966084,30,4,932
1966085,30,5,909
1966086,30,6,893
1966087,30,7,875
1966088,30,8,855
1966089,30,9,837
1966126,30,46,588
1966127,30,47,564
1966128,30,48,541
1966129,30,49,519
1966151,30,71,1761
1966152,30,72,1801
1966153,30,73,1844
1966154,30,74,1886
1966155,30,75,1923
1966156,30,76,1971
1966157,30,77,2015
1966158,30,78,2056
1966159,30,79,2101
1966160,30,80,2132
1966161,30,81,2186
1966162,30,82,2227
1966163,30,83,2273
1966164,30,84,2314
1966165,30,85,2351
1966166,30,86,2399
1966167,30,87,2444
1966168,30,88,2485
1966169,30,89,2529
2031617,31,1,977
2031618,31,2,959
2031619,31,3,941
2031620,31,4,923
2031621,31,5,904
2031622,31,6,887
2031623,31,7,870
2031624,31,8,853
2031625,31,9,836
2031662,31,46,583
2031663,31,47,559
2031664,31,48,535
2031665,31,49,513
2031687,31,71,1761
2031688,31,72,1800
2031689,31,73,1841
2031690,31,74,1882
2031691,31,75,1926
2031692,31,76,1965
2031693,31,77,2010
2031694,31,78,2047
2031695,31,79,2092
2031696,31,80,2135
2031697,31,81,2169
2031698,31,82,2213
2031699,31,83,2263
2031700,31,84,2304
2031701,31,85,2345
2031702,31,86,2383
2031703,31,87,2431
2031704,31,88,2469
2031705,31,89,2514
2097153,32,1,963
2097154,32,2,945
2097155,32,3,932
2097156,32,4,910
2097157,32,5,897
2097158,32,6,879
2097159,32,7,864
2097160,32,8,849
2097161,32,9,835
2097198,32,46,580
2097199,32,47,554
2097200,32,48,527
2097201,32,49,505
2097223,32,71,1761
2097224,32,72,1798
2097225,32,73,1840
2097226,32,74,1880
2097227,32,75,1924
2097228,32,76,1962
2097229,32,77,2008
2097230,32,78,2047
2097231,32,79,2089
2097232,32,80,2131
2097233,32,81,2172
2097234,32,82,2208
2097235,32,83,2259
2097236,32,84,2299
2097237,32,85,2339
2097238,32,86,2380
2097239,32,87,2424
2097240,32,88,2462
2097241,32,89,2508
2162689,33,1,954
2162690,33,2,939
2162691,33,3,924
2162692,33,4,907
2162693,33,5,891
2162694,33,6,876
2162695,33,7,862
2162696,33,8,847
2162697,33,9,834
2162734,33,46,580
2162735,33,47,553
2162736,33,48,525
2162737,33,49,502
2162759,33,71,1761
2162760,33,72,1798
2162761,33,73,1841
2162762,33,74,1881
2162763,33,75,1924
2162764,33,76,1964
2162765,33,77,2007
2162766,33,78,2048
2162767,33,79,2091
2162768,33,80,2131
2162769,33,81,2166
2162770,33,82,2213
2162771,33,83,2248
2162772,33,84,2299
2162773,33,85,2341
2162774,33,86,2381
2162775,33,87,2423
2162776,33,88,2464
2162777,33,89,2506
2228225,34,1,944
2228226,34,2,930
2228227,34,3,912
2228228,34,4,901
2228229,34,5,886
2228230,34,6,872
2228231,34,7,859
2228232,34,8,845
2228233,34,9,833
2228270,34,46,581
2228271,34,47,550
2228272,34,48,524
2228273,34,49,498
2228295,34,71,1761
2228296,34,72,1800
2228297,34,73,1840
2228298,34,74,1883
2228299,34,75,1925
2228300,34,76,1965
2228301,34,77,2000
2228302,34,78,2050
2228303,34,79,2091
2228304,34,80,2133
2228305,34,81,2177
2228306,34,82,2216
2228307,34,83,2259
2228308,34,84,2288
2228309,34,85,2344
2228310,34,86,2386
2228311,34,87,2428
2228312,34,88,2468
2228313,34,89,2511
2293761,35,1,935
2293762,35,2,924
2293763,35,3,909
2293764,35,4,895
2293765,35,5,879
2293766,35,6,869
2293767,35,7,855
2293768,35,8,844
2293769,35,9,832
2293806,35,46,580
2293807,35,47,551
2293808,35,48,521
2293809,35,49,495
2293831,35,71,1761
2293832,35,72,1801
2293833,35,73,1842
2293834,35,74,1883
2293835,35,75,1922
2293836,35,76,1968
2293837,35,77,2012
2293838,35,78,2053
2293839,35,79,2096
2293840,35,80,2129
2293841,35,81,2182
2293842,35,82,2221
2293843,35,83,2266
2293844,35,84,2307
2293845,35,85,2339
2293846,35,86,2393
2293847,35,87,2437
2293848,35,88,2476
2293849,35,89,2520
2359297,36,1,930
2359298,36,2,913
2359299,36,3,904
2359300,36,4,891
2359301,36,5,878
2359302,36,6,864
2359303,36,7,854
2359304,36,8,842
2359305,36,9,831
2359342,36,46,583
2359343,36,47,553
2359344,36,48,522
2359345,36,49,490
2359367,36,71,1761
2359368,36,72,1803
2359369,36,73,1846
2359370,36,74,1887
2359371,36,75,1931
2359372,36,76,1974
2359373,36,77,2018
2359374,36,78,2057
2359375,36,79,2104
2359376,36,80,2147
2359377,36,81,2191
2359378,36,82,2232
2359379,36,83,2277
2359380,36,84,2319
2359381,36,85,2362
2359382,36,86,2397
2359383,36,87,2450
2359384,36,88,2492
2359385,36,89,2520
2424833,37,1,924
2424834,37,2,911
2424835,37,3,899
2424836,37,4,887
2424837,37,5,875
2424838,37,6,863
2424839,37,7,852
2424840,37,8,841
2424841,37,9,830
2424878,37,46,587
2424879,37,47,553
2424880,37,48,521
2424881,37,49,489
2424903,37,71,1761
2424904,37,72,1804
2424905,37,73,1847
2424906,37,74,1892
2424907,37,75,1937
2424908,37,76,1976
2424909,37,77,2025
2424910,37,78,2068
2424911,37,79,2106
2424912,37,80,2157
2424913,37,81,2202
2424914,37,82,2241
2424915,37,83,2290
2424916,37,84,2333
2424917,37,85,2376
2424918,37,86,2421
2424919,37,87,2458
2424920,37,88,2496
2424921,37,89,2545
2490369,38,1,914
2490370,38,2,906
2490371,38,3,895
2490372,38,4,881
2490373,38,5,872
2490374,38,6,860
2490375,38,7,849
2490376,38,8,839
2490377,38,9,829
2490414,38,46,591
2490415,38,47,555
2490416,38,48,520
2490417,38,49,486
2490439,38,71,1761
2490440,38,72,1806
2490441,38,73,1851
2490442,38,74,1897
2490443,38,75,1943
2490444,38,76,1986
2490445,38,77,2034
2490446,38,78,2079
2490447,38,79,2121
2490448,38,80,2170
2490449,38,81,2216
2490450,38,82,2259
2490451,38,83,2307
2490452,38,84,2352
2490453,38,85,2397
2490454,38,86,2443
2490455,38,87,2473
2490456,38,88,2514
2490457,38,89,2548
2555905,39,1,913
2555906,39,2,902
2555907,39,3,892
2555908,39,4,881
2555909,39,5,869
2555910,39,6,858
2555911,39,7,848
2555912,39,8,838
2555913,39,9,828
2555950,39,46,594
2555951,39,47,560
2555952,39,48,522
2555953,39,49,486
2555975,39,71,1763
2555976,39,72,1809
2555977,39,73,1857
2555978,39,74,1901
2555979,39,75,1951
2555980,39,76,1997
2555981,39,77,2045
2555982,39,78,2085
2555983,39,79,2140
2555984,39,80,2186
2555985,39,81,2234
2555986,39,82,2278
2555987,39,83,2328
2555988,39,84,2374
2555989,39,85,2422
2555990,39,86,2454
2555991,39,87,2504
2555992,39,88,2528
2555993,39,89,2543
2621441,40,1,910
2621442,40,2,897
2621443,40,3,889
2621444,40,4,878
2621445,40,5,865
2621446,40,6,855
2621447,40,7,847
2621448,40,8,837
2621449,40,9,828
2621486,40,46,604
2621487,40,47,563
2621488,40,48,526
2621489,40,49,486
2621511,40,71,1766
2621512,40,72,1814
2621513,40,73,1861
2621514,40,74,1911
2621515,40,75,1955
2621516,40,76,2008
2621517,40,77,2059
2621518,40,78,2108
2621519,40,79,2156
2621520,40,80,2198
2621521,40,81,2256
2621522,40,82,2302
2621523,40,83,2354
2621524,40,84,2402
2621525,40,85,2435
2621526,40,86,2486
2621527,40,87,2512
2621528,40,88,2534
2621529,40,89,2559
2686977,41,1,905
2686978,41,2,896
2686979,41,3,883
2686980,41,4,875
2686981,41,5,866
2686982,41,6,855
2686983,41,7,845
2686984,41,8,837
2686985,41,9,828
2687022,41,46,614
2687023,41,47,572
2687024,41,48,528
2687025,41,49,489
2687047,41,71,1769
2687048,41,72,1818
2687049,41,73,1870
2687050,41,74,1921
2687051,41,75,1974
2687052,41,76,2023
2687053,41,77,2066
2687054,41,78,2127
2687055,41,79,2178
2687056,41,80,2230
2687057,41,81,2282
2687058,41,82,2332
2687059,41,83,2384
2687060,41,84,2418
2687061,41,85,2471
2687062,41,86,2496
2687063,41,87,2522
2687064,41,88,2543
2687065,41,89,2568
2752513,42,1,902
2752514,42,2,892
2752515,42,3,883
2752516,42,4,873
2752517,42,5,864
2752518,42,6,853
2752519,42,7,845
2752520,42,8,836
2752521,42,9,828
2752558,42,46,626
2752559,42,47,580
2752560,42,48,535
2752561,42,49,490
2752583,42,71,1772
2752584,42,72,1825
2752585,42,73,1879
2752586,42,74,1933
2752587,42,75,1988
2752588,42,76,2041
2752589,42,77,2097
2752590,42,78,2150
2752591,42,79,2205
2752592,42,80,2259
2752593,42,81,2309
2752594,42,82,2367
2752595,42,83,2407
2752596,42,84,2458
2752597,42,85,2485
2752598,42,86,2509
2752599,42,87,2532
2752600,42,88,2555
2752601,42,89,2576
2818049,43,1,899
2818050,43,2,890
2818051,43,3,880
2818052,43,4,871
2818053,43,5,862
2818054,43,6,852
2818055,43,7,844
2818056,43,8,836
2818057,43,9,828
2818094,43,46,636
2818095,43,47,588
2818096,43,48,540
2818097,43,49,492
2818119,43,71,1775
2818120,43,72,1831
2818121,43,73,1887
2818122,43,74,1943
2818123,43,75,2005
2818124,43,76,2055
2818125,43,77,2120
2818126,43,78,2174
2818127,43,79,2233
2818128,43,80,2292
2818129,43,81,2351
2818130,43,82,2394
2818131,43,83,2446
2818132,43,84,2473
2818133,43,85,2497
2818134,43,86,2520
2818135,43,87,2546
2818136,43,88,2563
2818137,43,89,2586
2883585,44,1,895
2883586,44,2,884
2883587,44,3,878
2883588,44,4,867
2883589,44,5,860
2883590,44,6,849
2883591,44,7,842
2883592,44,8,835
2883593,44,9,828
2883630,44,46,655
2883631,44,47,601
2883632,44,48,547
2883633,44,49,493
2883655,44,71,1779
2883656,44,72,1840
2883657,44,73,1901
2883658,44,74,1962
2883659,44,75,2025
2883660,44,76,2085
2883661,44,77,2149
2883662,44,78,2208
2883663,44,79,2272
2883664,44,80,2334
2883665,44,81,2381
2883666,44,82,2430
2883667,44,83,2465
2883668,44,84,2490
2883669,44,85,2513
2883670,44,86,2534
2883671,44,87,2559
2883672,44,88,2576
2883673,44,89,2597
2949121,45,1,895
2949122,45,2,885
2949123,45,3,876
2949124,45,4,868
2949125,45,5,857
2949126,45,6,850
2949127,45,7,842
2949128,45,8,835
2949129,45,9,828
2949166,45,46,675
2949167,45,47,617
2949168,45,48,556
2949169,45,49,500
2949191,45,71,1785
2949192,45,72,1849
2949193,45,73,1917
2949194,45,74,1982
2949195,45,75,2042
2949196,45,76,2116
2949197,45,77,2185
2949198,45,78,2250
2949199,45,79,2318
2949200,45,80,2369
2949201,45,81,2426
2949202,45,82,2454
2949203,45,83,2484
2949204,45,84,2507
2949205,45,85,2526
2949206,45,86,2552
2949207,45,87,2572
2949208,45,88,2590
2949209,45,89,2609
3014657,46,1,893
3014658,46,2,882
3014659,46,3,875
3014660,46,4,866
3014661,46,5,858
3014662,46,6,848
3014663,46,7,841
3014664,46,8,834
3014665,46,9,828
3014702,46,46,701
3014703,46,47,631
3014704,46,48,569
3014705,46,49,504
3014727,46,71,1791
3014728,46,72,1863
3014729,46,73,1932
3014730,46,74,2008
3014731,46,75,2082
3014732,46,76,2151
3014733,46,77,2229
3014734,46,78,2301
3014735,46,79,2361
3014736,46,80,2418
3014737,46,81,2450
3014738,46,82,2474
3014739,46,83,2499
3014740,46,84,2528
3014741,46,85,2547
3014742,46,86,2568
3014743,46,87,2585
3014744,46,88,2599
3014745,46,89,2621
3080193,47,1,887
3080194,47,2,881
3080195,47,3,873
3080196,47,4,864
3080197,47,5,857
3080198,47,6,848
3080199,47,7,839
3080200,47,8,834
3080201,47,9,828
3080238,47,46,727
3080239,47,47,657
3080240,47,48,581
3080241,47,49,512
3080263,47,71,1799
3080264,47,72,1877
3080265,47,73,1958
3080266,47,74,2034
3080267,47,75,2122
3080268,47,76,2200
3080269,47,77,2284
3080270,47,78,2351
3080271,47,79,2409
3080272,47,80,2444
3080273,47,81,2474
3080274,47,82,2496
3080275,47,83,2524
3080276,47,84,2546
3080277,47,85,2564
3080278,47,86,2578
3080279,47,87,2602
3080280,47,88,2614
3080281,47,89,2631
3145729,48,1,887
3145730,48,2,878
3145731,48,3,869
3145732,48,4,863
3145733,48,5,856
3145734,48,6,846
3145735,48,7,839
3145736,48,8,833
3145737,48,9,828
3145774,48,46,774
3145775,48,47,688
3145776,48,48,603
3145777,48,49,520
3145799,48,71,1809
3145800,48,72,1899
3145801,48,73,1990
3145802,48,74,2081
3145803,48,75,2174
3145804,48,76,2265
3145805,48,77,2340
3145806,48,78,2405
3145807,48,79,2442
3145808,48,80,2472
3145809,48,81,2499
3145810,48,82,2523
3145811,48,83,2545
3145812,48,84,2555
3145813,48,85,2584
3145814,48,86,2599
3145815,48,87,2616
3145816,48,88,2632
3145817,48,89,2646
3211265,49,1,886
3211266,49,2,879
3211267,49,3,870
3211268,49,4,862
3211269,49,5,855
3211270,49,6,847
3211271,49,7,838
3211272,49,8,833
3211273,49,9,828
3211310,49,46,827
3211311,49,47,723
3211312,49,48,627
3211313,49,49,535
3211335,49,71,1823
3211336,49,72,1924
3211337,49,73,2025
3211338,49,74,2134
3211339,49,75,2243
3211340,49,76,2334
3211341,49,77,2403
3211342,49,78,2440
3211343,49,79,2470
3211344,49,80,2502
3211345,49,81,2526
3211346,49,82,2542
3211347,49,83,2568
3211348,49,84,2584
3211349,49,85,2602
3211350,49,86,2615
3211351,49,87,2632
3211352,49,88,2642
3211353,49,89,2658
3276801,50,1,884
3276802,50,2,877
3276803,50,3,869
3276804,50,4,859
3276805,50,5,852
3276806,50,6,846
3276807,50,7,837
3276808,50,8,832
3276809,50,9,828
3276846,50,46,908
3276847,50,47,786
3276848,50,48,667
3276849,50,49,553
3276871,50,71,1842
3276872,50,72,1965
3276873,50,73,2089
3276874,50,74,2215
3276875,50,75,2325
3276876,50,76,2400
3276877,50,77,2444
3276878,50,78,2477
3276879,50,79,2506
3276880,50,80,2523
3276881,50,81,2552
3276882,50,82,2570
3276883,50,83,2590
3276884,50,84,2604
3276885,50,85,2611
3276886,50,86,2635
3276887,50,87,2647
3276888,50,88,2659
3276889,50,89,2672
3342337,51,1,883
3342338,51,2,876
3342339,51,3,868
3342340,51,4,860
3342341,51,5,853
3342342,51,6,846
3342343,51,7,837
3342344,51,8,832
3342345,51,9,828
3342382,51,46,1013
3342383,51,47,874
3342384,51,48,721
3342385,51,49,582
3342407,51,71,1871
3342408,51,72,2019
3342409,51,73,2177
3342410,51,74,2320
3342411,51,75,2404
3342412,51,76,2448
3342413,51,77,2486
3342414,51,78,2511
3342415,51,79,2541
3342416,51,80,2559
3342417,51,81,2579
3342418,51,82,2593
3342419,51,83,2611
3342420,51,84,2626
3342421,51,85,2638
3342422,51,86,2651
3342423,51,87,2665
3342424,51,88,2674
3342425,51,89,2688
3407873,52,1,881
3407874,52,2,872
3407875,52,3,866
3407876,52,4,859
3407877,52,5,852
3407878,52,6,844
3407879,52,7,837
3407880,52,8,831
3407881,52,9,828
3407918,52,46,1206
3407919,52,47,1009
3407920,52,48,822
3407921,52,49,628
3407943,52,71,1919
3407944,52,72,2120
3407945,52,73,2313
3407946,52,74,2411
3407947,52,75,2463
3407948,52,76,2495
3407949,52,77,2529
3407950,52,78,2551
3407951,52,79,2570
3407952,52,80,2589
3407953,52,81,2607
3407954,52,82,2617
3407955,52,83,2635
3407956,52,84,2646
3407957,52,85,2656
3407958,52,86,2665
3407959,52,87,2679
3407960,52,88,2690
3407961,52,89,2701
3473409,53,1,879
3473410,53,2,873
3473411,53,3,867
3473412,53,4,858
3473413,53,5,851
3473414,53,6,845
3473415,53,7,836
3473416,53,8,831
3473417,53,9,828
3473454,53,46,1396
3473455,53,47,1266
3473456,53,48,1008
3473457,53,49,725
3473479,53,71,2015
3473480,53,72,2307
3473481,53,73,2429
3473482,53,74,2483
3473483,53,75,2522
3473484,53,76,2549
3473485,53,77,2573
3473486,53,78,2588
3473487,53,79,2607
3473488,53,80,2620
3473489,53,81,2629
3473490,53,82,2644
3473491,53,83,2657
3473492,53,84,2666
3473493,53,85,2676
3473494,53,86,2687
3473495,53,87,2699
3473496,53,88,2706
3473497,53,89,2716
3538945,54,1,881
3538946,54,2,872
3538947,54,3,866
3538948,54,4,858
3538949,54,5,851
3538950,54,6,844
3538951,54,7,837
3538952,54,8,830
3538953,54,9,828
3538990,54,46,1595
3538991,54,47,1525
3538992,54,48,1393
3538993,54,49,1013
3539015,54,71,2304
3539016,54,72,2471
3539017,54,73,2529
3539018,54,74,2561
3539019,54,75,2585
3539020,54,76,2601
3539021,54,77,2616
3539022,54,78,2629
3539023,54,79,2640
3539024,54,80,2651
3539025,54,81,2660
3539026,54,82,2670
3539027,54,83,2680
3539028,54,84,2686
3539029,54,85,2697
3539030,54,86,2705
3539031,54,87,2709
3539032,54,88,2721
3539033,54,89,2731
3604481,55,1,880
3604482,55,2,871
3604483,55,3,863
3604484,55,4,858
3604485,55,5,849
3604486,55,6,844
3604487,55,7,837
3604488,55,8,830
3604489,55,9,828
3604526,55,46,1775
3604527,55,47,1772
3604528,55,48,1773
3604529,55,49,1778
3604551,55,71,2613
3604552,55,72,2615
3604553,55,73,2622
3604554,55,74,2629
3604555,55,75,2634
3604556,55,76,2643
3604557,55,77,2648
3604558,55,78,2656
3604559,55,79,2665
3604560,55,80,2670
3604561,55,81,2678
3604562,55,82,2686
3604563,55,83,2694
3604564,55,84,2699
3604565,55,85,2706
3604566,55,86,2714
3604567,55,87,2721
3604568,55,88,2731
3604569,55,89,2737
3670017,56,1,876
3670018,56,2,869
3670019,56,3,864
3670020,56,4,855
3670021,56,5,850
3670022,56,6,842
3670023,56,7,836
3670024,56,8,829
3670025,56,9,828
3670062,56,46,1792
3670063,56,47,1789
3670064,56,48,1790
3670065,56,49,1795
3670066,56,50,1784
3670067,56,51,1539
3670068,56,52,1539
3670069,56,53,1539
3670070,56,54,1542
3670071,56,55,1545
3670072,56,56,1548
3670073,56,57,1549
3670074,56,58,1554
3670075,56,59,1557
3670076,56,60,1559
3670077,56,61,1562
3670078,56,62,1568
3670079,56,63,1572
3670080,56,64,1579
3670081,56,65,1586
3670082,56,66,1597
3670083,56,67,1614
3670084,56,68,1644
3670085,56,69,1734
3670086,56,70,2598
3670087,56,71,2617
3670088,56,72,2619
3670089,56,73,2627
3670090,56,74,2633
3670091,56,75,2640
3670092,56,76,2647
3670093,56,77,2653
3670094,56,78,2661
3670095,56,79,2667
3670096,56,80,2676
3670097,56,81,2681
3670098,56,82,2688
3670099,56,83,2698
3670100,56,84,2704
3670101,56,85,2710
3670102,56,86,2718
3670103,56,87,2725
3670104,56,88,2729
3670105,56,89,2740
3735553,57,1,877
3735554,57,2,872
3735555,57,3,864
3735556,57,4,857
3735557,57,5,850
3735558,57,6,843
3735559,57,7,837
3735560,57,8,829
3735561,57,9,828
3735598,57,46,1799
3735599,57,47,1797
3735600,57,48,1799
3735601,57,49,1805
3735602,57,50,1793
3735603,57,51,1561
3735604,57,52,1553
3735605,57,53,1556
3735606,57,54,1556
3735607,57,55,1560
3735608,57,56,1561
3735609,57,57,1567
3735610,57,58,1569
3735611,57,59,1575
3735612,57,60,1578
3735613,57,61,1586
3735614,57,62,1591
3735615,57,63,1602
3735616,57,64,1610
3735617,57,65,1626
3735618,57,66,1644
3735619,57,67,1677
3735620,57,68,1734
3735621,57,69,1933
3735622,57,70,2598
3735623,57,71,2619
3735624,57,72,2622
3735625,57,73,2629
3735626,57,74,2636
3735627,57,75,2643
3735628,57,76,2650
3735629,57,77,2657
3735630,57,78,2664
3735631,57,79,2669
3735632,57,80,2679
3735633,57,81,2685
3735634,57,82,2691
3735635,57,83,2698
3735636,57,84,2707
3735637,57,85,2713
3735638,57,86,2721
3735639,57,87,2726
3735640,57,88,2732
3735641,57,89,2743
3801089,58,1,878
3801090,58,2,870
3801091,58,3,863
3801092,58,4,856
3801093,58,5,850
3801094,58,6,842
3801095,58,7,837
3801096,58,8,828
3801097,58,9,828
3801134,58,46,1805
3801135,58,47,1804
3801136,58,48,1807
3801137,58,49,1812
3801138,58,50,1803
3801139,58,51,1581
3801140,58,52,1569
3801141,58,53,1569
3801142,58,54,1572
3801143,58,55,1574
3801144,58,56,1576
3801145,58,57,1583
3801146,58,58,1587
3801147,58,59,1594
3801148,58,60,1602
3801149,58,61,1607
3801150,58,62,1618
3801151,58,63,1630
3801152,58,64,1642
3801153,58,65,1666
3801154,58,66,1694
3801155,58,67,1734
3801156,58,68,1843
3801157,58,69,2121
3801158,58,70,2600
3801159,58,71,2621
3801160,58,72,2623
3801161,58,73,2632
3801162,58,74,2636
3801163,58,75,2645
3801164,58,76,2651
3801165,58,77,2659
3801166,58,78,2663
3801167,58,79,2673
3801168,58,80,2679
3801169,58,81,2687
3801170,58,82,2694
3801171,58,83,2702
3801172,58,84,2707
3801173,58,85,2714
3801174,58,86,2721
3801175,58,87,2729
3801176,58,88,2733
3801177,58,89,2734
3866625,59,1,876
3866626,59,2,871
3866627,59,3,862
3866628,59,4,855
3866629,59,5,850
3866630,59,6,842
3866631,59,7,836
3866632,59,8,828
3866633,59,9,828
3866670,59,46,1812
3866671,59,47,1811
3866672,59,48,1814
3866673,59,49,1822
3866674,59,50,1811
3866675,59,51,1601
3866676,59,52,1584
3866677,59,53,1586
3866678,59,54,1583
3866679,59,55,1590
3866680,59,56,1595
3866681,59,57,1600
3866682,59,58,1603
3866683,59,59,1612
3866684,59,60,1621
3866685,59,61,1633
3866686,59,62,1641
3866687,59,63,1659
3866688,59,64,1678
3866689,59,65,1705
3866690,59,66,1734
3866691,59,67,1813
3866692,59,68,1933
3866693,59,69,2249
3866694,59,70,2602
3866695,59,71,2623
3866696,59,72,2625
3866697,59,73,2632
3866698,59,74,2640
3866699,59,75,2647
3866700,59,76,2652
3866701,59,77,2662
3866702,59,78,2668
3866703,59,79,2674
3866704,59,80,2681
3866705,59,81,2688
3866706,59,82,2695
3866707,59,83,2700
3866708,59,84,2709
3866709,59,85,2716
3866710,59,86,2721
3866711,59,87,2726
3866712,59,88,2739
3866713,59,89,2743
3932161,60,1,878
3932162,60,2,868
3932163,60,3,864
3932164,60,4,856
3932165,60,5,848
3932166,60,6,841
3932167,60,7,837
3932168,60,8,828
3932169,60,9,828
3932206,60,46,1820
3932207,60,47,1819
3932208,60,48,1824
3932209,60,49,1830
3932210,60,50,1818
3932211,60,51,1622
3932212,60,52,1604
3932213,60,53,1600
3932214,60,54,1602
3932215,60,55,1600
3932216,60,56,1611
3932217,60,57,1617
3932218,60,58,1624
3932219,60,59,1634
3932220,60,60,1638
3932221,60,61,1655
3932222,60,62,1670
3932223,60,63,1690
3932224,60,64,1712
3932225,60,65,1735
3932226,60,66,1799
3932227,60,67,1877
3932228,60,68,2037
3932229,60,69,2328
3932230,60,70,2604
3932231,60,71,2626
3932232,60,72,2629
3932233,60,73,2636
3932234,60,74,2642
3932235,60,75,2647
3932236,60,76,2656
3932237,60,77,2663
3932238,60,78,2668
3932239,60,79,2678
3932240,60,80,2681
3932241,60,81,2691
3932242,60,82,2697
3932243,60,83,2704
3932244,60,84,2710
3932245,60,85,2714
3932246,60,86,2727
3932247,60,87,2733
3932248,60,88,2741
3932249,60,89,2747
3997697,61,1,876
3997698,61,2,869
3997699,61,3,864
3997700,61,4,856
3997701,61,5,850
3997702,61,6,842
3997703,61,7,837
3997704,61,8,828
3997705,61,9,828
3997742,61,46,1826
3997743,61,47,1827
3997744,61,48,1832
3997745,61,49,1839
3997746,61,50,1831
3997747,61,51,1642
3997748,61,52,1616
3997749,61,53,1614
3997750,61,54,1616
3997751,61,55,1622
3997752,61,56,1626
3997753,61,57,1634
3997754,61,58,1640
3997755,61,59,1653
3997756,61,60,1665
3997757,61,61,1678
3997758,61,62,1696
3997759,61,63,1717
3997760,61,64,1736
3997761,61,65,1791
3997762,61,66,1845
3997763,61,67,1938
3997764,61,68,2127
3997765,61,69,2382
3997766,61,70,2608
3997767,61,71,2630
3997768,61,72,2632
3997769,61,73,2640
3997770,61,74,2646
3997771,61,75,2653
3997772,61,76,2660
3997773,61,77,2668
3997774,61,78,2672
3997775,61,79,2680
3997776,61,80,2686
3997777,61,81,2695
3997778,61,82,2699
3997779,61,83,2704
3997780,61,84,2719
3997781,61,85,2722
3997782,61,86,2730
3997783,61,87,2736
3997784,61,88,2744
3997785,61,89,2749
4063233,62,1,875
4063234,62,2,870
4063235,62,3,862
4063236,62,4,854
4063237,62,5,850
4063238,62,6,842
4063239,62,7,836
4063240,62,8,828
4063241,62,9,828
4063278,62,46,1836
4063279,62,47,1834
4063280,62,48,1840
4063281,62,49,1846
4063282,62,50,1841
4063283,62,51,1662
4063284,62,52,1636
4063285,62,53,1631
4063286,62,54,1631
4063287,62,55,1637
4063288,62,56,1641
4063289,62,57,1650
4063290,62,58,1662
4063291,62,59,1674
4063292,62,60,1687
4063293,62,61,1703
4063294,62,62,1722
4063295,62,63,1738
4063296,62,64,1785
4063297,62,65,1829
4063298,62,66,1898
4063299,62,67,2010
4063300,62,68,2207
4063301,62,69,2420
4063302,62,70,2613
4063303,62,71,2633
4063304,62,72,2634
4063305,62,73,2643
4063306,62,74,2650
4063307,62,75,2656
4063308,62,76,2663
4063309,62,77,2669
4063310,62,78,2676
4063311,62,79,2683
4063312,62,80,2689
4063313,62,81,2693
4063314,62,82,2706
4063315,62,83,2711
4063316,62,84,2716
4063317,62,85,2725
4063318,62,86,2733
4063319,62,87,2739
4063320,62,88,2746
4063321,62,89,2753
4128769,63,1,878
4128770,63,2,870
4128771,63,3,863
4128772,63,4,857
4128773,63,5,850
4128774,63,6,843
4128775,63,7,837
4128776,63,8,829
4128777,63,9,828
4128814,63,46,1841
4128815,63,47,1844
4128816,63,48,1849
4128817,63,49,1859
4128818,63,50,1849
4128819,63,51,1699
4128820,63,52,1651
4128821,63,53,1646
4128822,63,54,1644
4128823,63,55,1655
4128824,63,56,1660
4128825,63,57,1671
4128826,63,58,1677
4128827,63,59,1693
4128828,63,60,1709
4128829,63,61,1726
4128830,63,62,1738
4128831,63,63,1783
4128832,63,64,1818
4128833,63,65,1873
4128834,63,66,1941
4128835,63,67,2077
4128836,63,68,2261
4128837,63,69,2452
4128838,63,70,2616
4128839,63,71,2639
4128840,63,72,2641
4128841,63,73,2648
4128842,63,74,2654
4128843,63,75,2661
4128844,63,76,2667
4128845,63,77,2674
4128846,63,78,2680
4128847,63,79,2684
4128848,63,80,2698
4128849,63,81,2704
4128850,63,82,2710
4128851,63,83,2716
4128852,63,84,2722
4128853,63,85,2731
4128854,63,86,2737
4128855,63,87,2743
4128856,63,88,2752
4128857,63,89,2758
4194305,64,1,879
4194306,64,2,869
4194307,64,3,864
4194308,64,4,857
4194309,64,5,850
4194310,64,6,842
4194311,64,7,837
4194312,64,8,829
4194313,64,9,828
4194350,64,46,1850
4194351,64,47,1852
4194352,64,48,1858
4194353,64,49,1866
4194354,64,50,1860
4194355,64,51,1730
4194356,64,52,1665
4194357,64,53,1660
4194358,64,54,1665
4194359,64,55,1669
4194360,64,56,1678
4194361,64,57,1688
4194362,64,58,1700
4194363,64,59,1712
4194364,64,60,1730
4194365,64,61,1740
4194366,64,62,1781
4194367,64,63,1812
4194368,64,64,1851
4194369,64,65,1913
4194370,64,66,2001
4194371,64,67,2137
4194372,64,68,2309
4194373,64,69,2475
4194374,64,70,2621
4194375,64,71,2642
4194376,64,72,2646
4194377,64,73,2652
4194378,64,74,2659
4194379,64,75,2666
4194380,64,76,2672
4194381,64,77,2675
4194382,64,78,2688
4194383,64,79,2694
4194384,64,80,2701
4194385,64,81,2705
4194386,64,82,2714
4194387,64,83,2722
4194388,64,84,2729
4194389,64,85,2736
4194390,64,86,2742
4194391,64,87,2749
4194392,64,88,2757
4194393,64,89,2763
4259841,65,1,877
4259842,65,2,873
4259843,65,3,864
4259844,65,4,857
4259845,65,5,848
4259846,65,6,844
4259847,65,7,836
4259848,65,8,830
4259849,65,9,828
4259886,65,46,1858
4259887,65,47,1860
4259888,65,48,1865
4259889,65,49,1878
4259890,65,50,1863
4259891,65,51,1756
4259892,65,52,1684
4259893,65,53,1680
4259894,65,54,1679
4259895,65,55,1681
4259896,65,56,1694
4259897,65,57,1706
4259898,65,58,1718
4259899,65,59,1735
4259900,65,60,1740
4259901,65,61,1779
4259902,65,62,1806
4259903,65,63,1843
4259904,65,64,1889
4259905,65,65,1946
4259906,65,66,2050
4259907,65,67,2197
4259908,65,68,2347
4259909,65,69,2499
4259910,65,70,2624
4259911,65,71,2647
4259912,65,72,2650
4259913,65,73,2657
4259914,65,74,2663
4259915,65,75,2666
4259916,65,76,2680
4259917,65,77,2686
4259918,65,78,2693
4259919,65,79,2699
4259920,65,80,2704
4259921,65,81,2712
4259922,65,82,2720
4259923,65,83,2729
4259924,65,84,2734
4259925,65,85,2738
4259926,65,86,2749
4259927,65,87,2757
4259928,65,88,2762
4259929,65,89,2770
4325377,66,1,879
4325378,66,2,873
4325379,66,3,863
4325380,66,4,858
4325381,66,5,851
4325382,66,6,844
4325383,66,7,837
4325384,66,8,830
4325385,66,9,828
4325422,66,46,1866
4325423,66,47,1868
4325424,66,48,1871
4325425,66,49,1887
4325426,66,50,1880
4325427,66,51,1782
4325428,66,52,1701
4325429,66,53,1695
4325430,66,54,1697
4325431,66,55,1703
4325432,66,56,1713
4325433,66,57,1725
4325434,66,58,1738
4325435,66,59,1744
4325436,66,60,1781
4325437,66,61,1802
4325438,66,62,1834
4325439,66,63,1874
4325440,66,64,1927
4325441,66,65,1998
4325442,66,66,2104
4325443,66,67,2243
4325444,66,68,2381
4325445,66,69,2519
4325446,66,70,2633
4325447,66,71,2654
4325448,66,72,2655
4325449,66,73,2659
4325450,66,74,2672
4325451,66,75,2677
4325452,66,76,2685
4325453,66,77,2691
4325454,66,78,2700
4325455,66,79,2705
4325456,66,80,2712
4325457,66,81,2721
4325458,66,82,2728
4325459,66,83,2734
4325460,66,84,2742
4325461,66,85,2747
4325462,66,86,2756
4325463,66,87,2760
4325464,66,88,2773
4325465,66,89,2779
4390913,67,1,882
4390914,67,2,875
4390915,67,3,867
4390916,67,4,860
4390917,67,5,852
4390918,67,6,845
4390919,67,7,838
4390920,67,8,831
4390921,67,9,828
4390958,67,46,1870
4390959,67,47,1878
4390960,67,48,1885
4390961,67,49,1896
4390962,67,50,1889
4390963,67,51,1804
4390964,67,52,1717
4390965,67,53,1710
4390966,67,54,1711
4390967,67,55,1720
4390968,67,56,1728
4390969,67,57,1742
4390970,67,58,1746
4390971,67,59,1781
4390972,67,60,1802
4390973,67,61,1829
4390974,67,62,1858
4390975,67,63,1906
4390976,67,64,1955
4390977,67,65,2043
4390978,67,66,2149
4390979,67,67,2279
4390980,67,68,2407
4390981,67,69,2535
4390982,67,70,2638
4390983,67,71,2657
4390984,67,72,2666
4390985,67,73,2673
4390986,67,74,2678
4390987,67,75,2684
4390988,67,76,2693
4390989,67,77,2699
4390990,67,78,2708
4390991,67,79,2714
4390992,67,80,2722
4390993,67,81,2729
4390994,67,82,2737
4390995,67,83,2743
4390996,67,84,2747
4390997,67,85,2760
4390998,67,86,2768
4390999,67,87,2773
4391000,67,88,2780
4391001,67,89,2789
4456449,68,1,882
4456450,68,2,873
4456451,68,3,869
4456452,68,4,858
4456453,68,5,852
4456454,68,6,844
4456455,68,7,837
4456456,68,8,831
4456457,68,9,828
4456494,68,46,1882
4456495,68,47,1885
4456496,68,48,1893
4456497,68,49,1905
4456498,68,50,1900
4456499,68,51,1822
4456500,68,52,1738
4456501,68,53,1727
4456502,68,54,1729
4456503,68,55,1737
4456504,68,56,1748
4456505,68,57,1750
4456506,68,58,1783
4456507,68,59,1802
4456508,68,60,1826
4456509,68,61,1855
4456510,68,62,1894
4456511,68,63,1936
4456512,68,64,2001
4456513,68,65,2085
4456514,68,66,2200
4456515,68,67,2318
4456516,68,68,2435
4456517,68,69,2549
4456518,68,70,2647
4456519,68,71,2669
4456520,68,72,2672
4456521,68,73,2678
4456522,68,74,2687
4456523,68,75,2692
4456524,68,76,2700
4456525,68,77,2707
4456526,68,78,2713
4456527,68,79,2722
4456528,68,80,2730
4456529,68,81,2734
4456530,68,82,2745
4456531,68,83,2754
4456532,68,84,2761
4456533,68,85,2767
4456534,68,86,2774
4456535,68,87,2783
4456536,68,88,2792
4456537,68,89,2797
4521985,69,1,886
4521986,69,2,877
4521987,69,3,869
4521988,69,4,862
4521989,69,5,854
4521990,69,6,847
4521991,69,7,839
4521992,69,8,832
4521993,69,9,828
4522030,69,46,1889
4522031,69,47,1894
4522032,69,48,1903
4522033,69,49,1914
4522034,69,50,1911
4522035,69,51,1845
4522036,69,52,1754
4522037,69,53,1745
4522038,69,54,1746
4522039,69,55,1755
4522040,69,56,1755
4522041,69,57,1784
4522042,69,58,1802
4522043,69,59,1826
4522044,69,60,1851
4522045,69,61,1884
4522046,69,62,1923
4522047,69,63,1967
4522048,69,64,2037
4522049,69,65,2131
4522050,69,66,2239
4522051,69,67,2347
4522052,69,68,2460
4522053,69,69,2571
4522054,69,70,2656
4522055,69,71,2678
4522056,69,72,2682
4522057,69,73,2689
4522058,69,74,2697
4522059,69,75,2704
4522060,69,76,2712
4522061,69,77,2719
4522062,69,78,2721
4522063,69,79,2735
4522064,69,80,2743
4522065,69,81,2751
4522066,69,82,2757
4522067,69,83,2766
4522068,69,84,2773
4522069,69,85,2781
4522070,69,86,2788
4522071,69,87,2798
4522072,69,88,2805
4522073,69,89,2809
4587521,70,1,889
4587522,70,2,880
4587523,70,3,872
4587524,70,4,864
4587525,70,5,853
4587526,70,6,848
4587527,70,7,840
4587528,70,8,832
4587529,70,9,828
4587566,70,46,1896
4587567,70,47,1902
4587568,70,48,1913
4587569,70,49,1926
4587570,70,50,1918
4587571,70,51,1863
4587572,70,52,1780
4587573,70,53,1761
4587574,70,54,1765
4587575,70,55,1760
4587576,70,56,1789
4587577,70,57,1805
4587578,70,58,1823
4587579,70,59,1848
4587580,70,60,1871
4587581,70,61,1910
4587582,70,62,1954
4587583,70,63,2010
4587584,70,64,2079
4587585,70,65,2163
4587586,70,66,2278
4587587,70,67,2378
4587588,70,68,2485
4587589,70,69,2587
4587590,70,70,2664
4587591,70,71,2689
4587592,70,72,2694
4587593,70,73,2700
4587594,70,74,2709
4587595,70,75,2711
4587596,70,76,2725
4587597,70,77,2732
4587598,70,78,2741
4587599,70,79,2749
4587600,70,80,2752
4587601,70,81,2763
4587602,70,82,2772
4587603,70,83,2780
4587604,70,84,2789
4587605,70,85,2792
4587606,70,86,2805
4587607,70,87,2815
4587608,70,88,2822
4587609,70,89,2830
4653057,71,1,888
4653058,71,2,883
4653059,71,3,875
4653060,71,4,865
4653061,71,5,857
4653062,71,6,850
4653063,71,7,839
4653064,71,8,833
4653065,71,9,828
4653102,71,46,1902
4653103,71,47,1911
4653104,71,48,1920
4653105,71,49,1938
4653106,71,50,1932
4653107,71,51,1880
4653108,71,52,1805
4653109,71,53,1781
4653110,71,54,1770
4653111,71,55,1796
4653112,71,56,1808
4653113,71,57,1826
4653114,71,58,1844
4653115,71,59,1874
4653116,71,60,1903
4653117,71,61,1941
4653118,71,62,1979
4653119,71,63,2042
4653120,71,64,2121
4653121,71,65,2220
4653122,71,66,2307
4653123,71,67,2411
4653124,71,68,2507
4653125,71,69,2604
4653126,71,70,2679
4653127,71,71,2703
4653128,71,72,2703
4653129,71,73,2714
4653130,71,74,2723
4653131,71,75,2729
4653132,71,76,2739
4653133,71,77,2748
4653134,71,78,2755
4653135,71,79,2765
4653136,71,80,2773
4653137,71,81,2779
4653138,71,82,2789
4653139,71,83,2799
4653140,71,84,2806
4653141,71,85,2815
4653142,71,86,2824
4653143,71,87,2829
4653144,71,88,2841
4653145,71,89,2850
4718593,72,1,898
4718594,72,2,883
4718595,72,3,879
4718596,72,4,869
4718597,72,5,860
4718598,72,6,850
4718599,72,7,842
4718600,72,8,834
4718601,72,9,829
4718638,72,46,1913
4718639,72,47,1920
4718640,72,48,1932
4718641,72,49,1947
4718642,72,50,1946
4718643,72,51,1900
4718644,72,52,1832
4718645,72,53,1788
4718646,72,54,1806
4718647,72,55,1816
4718648,72,56,1831
4718649,72,57,1848
4718650,72,58,1874
4718651,72,59,1900
4718652,72,60,1934
4718653,72,61,1970
4718654,72,62,2024
4718655,72,63,2085
4718656,72,64,2166
4718657,72,65,2258
4718658,72,66,2352
4718659,72,67,2440
4718660,72,68,2533
4718661,72,69,2622
4718662,72,70,2695
4718663,72,71,2719
4718664,72,72,2725
4718665,72,73,2730
4718666,72,74,2741
4718667,72,75,2749
4718668,72,76,2758
4718669,72,77,2764
4718670,72,78,2776
4718671,72,79,2786
4718672,72,80,2795
4718673,72,81,2803
4718674,72,82,2813
4718675,72,83,2820
4718676,72,84,2830
4718677,72,85,2836
4718678,72,86,2846
4718679,72,87,2853
4718680,72,88,2864
4718681,72,89,2870
4784129,73,1,905
4784130,73,2,894
4784131,73,3,880
4784132,73,4,874
4784133,73,5,864
4784134,73,6,855
4784135,73,7,844
4784136,73,8,836
4784137,73,9,830
4784174,73,46,1920
4784175,73,47,1930
4784176,73,48,1942
4784177,73,49,1960
4784178,73,50,1959
4784179,73,51,1921
4784180,73,52,1844
4784181,73,53,1822
4784182,73,54,1826
4784183,73,55,1837
4784184,73,56,1853
4784185,73,57,1876
4784186,73,58,1896
4784187,73,59,1925
4784188,73,60,1966
4784189,73,61,2000
4784190,73,62,2059
4784191,73,63,2128
4784192,73,64,2204
4784193,73,65,2299
4784194,73,66,2383
4784195,73,67,2475
4784196,73,68,2561
4784197,73,69,2651
4784198,73,70,2715
4784199,73,71,2740
4784200,73,72,2746
4784201,73,73,2751
4784202,73,74,2765
4784203,73,75,2774
4784204,73,76,2784
4784205,73,77,2793
4784206,73,78,2802
4784207,73,79,2813
4784208,73,80,2819
4784209,73,81,2831
4784210,73,82,2840
4784211,73,83,2847
4784212,73,84,2857
4784213,73,85,2864
4784214,73,86,2870
4784215,73,87,2874
4784216,73,88,2887
4784217,73,89,2893
4849665,74,1,910
4849666,74,2,901
4849667,74,3,892
4849668,74,4,875
4849669,74,5,869
4849670,74,6,858
4849671,74,7,845
4849672,74,8,837
4849673,74,9,831
4849710,74,46,1931
4849711,74,47,1938
4849712,74,48,1952
4849713,74,49,1973
4849714,74,50,1974
4849715,74,51,1927
4849716,74,52,1886
4849717,74,53,1845
4849718,74,54,1849
4849719,74,55,1863
4849720,74,56,1882
4849721,74,57,1900
4849722,74,58,1933
4849723,74,59,1964
4849724,74,60,2000
4849725,74,61,2047
4849726,74,62,2104
4849727,74,63,2170
4849728,74,64,2260
4849729,74,65,2343
4849730,74,66,2427
4849731,74,67,2513
4849732,74,68,2599
4849733,74,69,2677
4849734,74,70,2742
4849735,74,71,2767
4849736,74,72,2774
4849737,74,73,2783
4849738,74,74,2796
4849739,74,75,2803
4849740,74,76,2814
4849741,74,77,2824
4849742,74,78,2832
4849743,74,79,2839
4849744,74,80,2849
4849745,74,81,2855
4849746,74,82,2865
4849747,74,83,2873
4849748,74,84,2880
4849749,74,85,2887
4849750,74,86,2895
4849751,74,87,2899
4849752,74,88,2904
4849753,74,89,2913
4915201,75,1,925
4915202,75,2,914
4915203,75,3,902
4915204,75,4,888
4915205,75,5,872
4915206,75,6,865
4915207,75,7,851
4915208,75,8,841
4915209,75,9,832
4915246,75,46,1938
4915247,75,47,1950
4915248,75,48,1966
4915249,75,49,1989
4915250,75,50,1977
4915251,75,51,1962
4915252,75,52,1912
4915253,75,53,1872
4915254,75,54,1875
4915255,75,55,1885
4915256,75,56,1913
4915257,75,57,1939
4915258,75,58,1965
4915259,75,59,2003
4915260,75,60,2030
4915261,75,61,2094
4915262,75,62,2150
4915263,75,63,2230
4915264,75,64,2310
4915265,75,65,2384
4915266,75,66,2472
4915267,75,67,2559
4915268,75,68,2640
4915269,75,69,2724
4915270,75,70,2775
4915271,75,71,2805
4915272,75,72,2812
4915273,75,73,2820
4915274,75,74,2830
4915275,75,75,2835
4915276,75,76,2847
4915277,75,77,2856
4915278,75,78,2863
4915279,75,79,2869
4915280,75,80,2874
4915281,75,81,2883
4915282,75,82,2892
4915283,75,83,2899
4915284,75,84,2906
4915285,75,85,2909
4915286,75,86,2918
4915287,75,87,2924
4915288,75,88,2929
4915289,75,89,2938
4980737,76,1,945
4980738,76,2,926
4980739,76,3,915
4980740,76,4,900
4980741,76,5,887
4980742,76,6,869
4980743,76,7,857
4980744,76,8,844
4980745,76,9,834
4980782,76,46,1947
4980783,76,47,1961
4980784,76,48,1981
4980785,76,49,1993
4980786,76,50,2011
4980787,76,51,1987
4980788,76,52,1944
4980789,76,53,1899
4980790,76,54,1912
4980791,76,55,1928
4980792,76,56,1948
4980793,76,57,1976
4980794,76,58,2013
4980795,76,59,2051
4980796,76,60,2099
4980797,76,61,2145
4980798,76,62,2216
4980799,76,63,2286
4980800,76,64,2372
4980801,76,65,2454
4980802,76,66,2535
4980803,76,67,2610
4980804,76,68,2692
4980805,76,69,2765
4980806,76,70,2822
4980807,76,71,2842
4980808,76,72,2848
4980809,76,73,2852
4980810,76,74,2864
4980811,76,75,2871
4980812,76,76,2878
4980813,76,77,2883
4980814,76,78,2891
4980815,76,79,2898
4980816,76,80,2906
4980817,76,81,2910
4980818,76,82,2917
4980819,76,83,2923
4980820,76,84,2927
4980821,76,85,2934
4980822,76,86,2940
4980823,76,87,2946
4980824,76,88,2952
4980825,76,89,2959
5046273,77,1,974
5046274,77,2,959
5046275,77,3,941
5046276,77,4,919
5046277,77,5,905
5046278,77,6,887
5046279,77,7,864
5046280,77,8,852
5046281,77,9,837
5046318,77,46,1958
5046319,77,47,1976
5046320,77,48,1988
5046321,77,49,2030
5046322,77,50,2038
5046323,77,51,2019
5046324,77,52,1987
5046325,77,53,1952
5046326,77,54,1956
5046327,77,55,1981
5046328,77,56,2008
5046329,77,57,2040
5046330,77,58,2078
5046331,77,59,2114
5046332,77,60,2170
5046333,77,61,2228
5046334,77,62,2296
5046335,77,63,2371
5046336,77,64,2448
5046337,77,65,2521
5046338,77,66,2593
5046339,77,67,2669
5046340,77,68,2741
5046341,77,69,2810
5046342,77,70,2861
5046343,77,71,2885
5046344,77,72,2884
5046345,77,73,2889
5046346,77,74,2897
5046347,77,75,2902
5046348,77,76,2909
5046349,77,77,2916
5046350,77,78,2921
5046351,77,79,2928
5046352,77,80,2933
5046353,77,81,2937
5046354,77,82,2943
5046355,77,83,2948
5046356,77,84,2951
5046357,77,85,2958
5046358,77,86,2964
5046359,77,87,2968
5046360,77,88,2974
5046361,77,89,2977
5111809,78,1,1044
5111810,78,2,1016
5111811,78,3,993
5111812,78,4,964
5111813,78,5,942
5111814,78,6,914
5111815,78,7,889
5111816,78,8,864
5111817,78,9,844
5111854,78,46,1973
5111855,78,47,1988
5111856,78,48,2032
5111857,78,49,2066
5111858,78,50,2085
5111859,78,51,2077
5111860,78,52,2056
5111861,78,53,2029
5111862,78,54,2041
5111863,78,55,2069
5111864,78,56,2101
5111865,78,57,2133
5111866,78,58,2170
5111867,78,59,2212
5111868,78,60,2260
5111869,78,61,2313
5111870,78,62,2378
5111871,78,63,2449
5111872,78,64,2517
5111873,78,65,2586
5111874,78,66,2654
5111875,78,67,2723
5111876,78,68,2791
5111877,78,69,2855
5111878,78,70,2900
5111879,78,71,2921
5111880,78,72,2925
5111881,78,73,2923
5111882,78,74,2932
5111883,78,75,2937
5111884,78,76,2941
5111885,78,77,2946
5111886,78,78,2951
5111887,78,79,2955
5111888,78,80,2961
5111889,78,81,2964
5111890,78,82,2969
5111891,78,83,2974
5111892,78,84,2978
5111893,78,85,2982
5111894,78,86,2987
5111895,78,87,2991
5111896,78,88,2996
5111897,78,89,2999
5177345,79,1,1242
5177346,79,2,1196
5177347,79,3,1148
5177348,79,4,1099
5177349,79,5,1052
5177350,79,6,1004
5177351,79,7,954
5177352,79,8,909
5177353,79,9,864
5177390,79,46,1993
5177391,79,47,2052
5177392,79,48,2105
5177393,79,49,2164
5177394,79,50,2203
5177395,79,51,2213
5177396,79,52,2190
5177397,79,53,2166
5177398,79,54,2160
5177399,79,55,2182
5177400,79,56,2204
5177401,79,57,2233
5177402,79,58,2253
5177403,79,59,2301
5177404,79,60,2345
5177405,79,61,2395
5177406,79,62,2449
5177407,79,63,2522
5177408,79,64,2580
5177409,79,65,2649
5177410,79,66,2709
5177411,79,67,2775
5177412,79,68,2838
5177413,79,69,2901
5177414,79,70,2939
5177415,79,71,2959
5177416,79,72,2960
5177417,79,73,2961
5177418,79,74,2963
5177419,79,75,2967
5177420,79,76,2970
5177421,79,77,2975
5177422,79,78,2979
5177423,79,79,2982
5177424,79,80,2988
5177425,79,81,2991
5177426,79,82,2995
5177427,79,83,2998
5177428,79,84,3003
5177429,79,85,3008
5177430,79,86,3010
5177431,79,87,3015
5177432,79,88,3018
5177433,79,89,3022
5242881,80,1,1558
5242882,80,2,1555
5242883,80,3,1552
5242884,80,4,1548
5242885,80,5,1546
5242886,80,6,1543
5242887,80,7,1539
5242888,80,8,1539
5242889,80,9,1539
5242926,80,46,2371
5242927,80,47,2375
5242928,80,48,2384
5242929,80,49,2398
5242930,80,50,2391
5242931,80,51,2372
5242932,80,52,2331
5242933,80,53,2290
5242934,80,54,2270
5242935,80,55,2273
5242936,80,56,2292
5242937,80,57,2311
5242938,80,58,2340
5242939,80,59,2371
5242940,80,60,2406
5242941,80,61,2461
5242942,80,62,2520
5242943,80,63,2575
5242944,80,64,2635
5242945,80,65,2688
5242946,80,66,2751
5242947,80,67,2808
5242948,80,68,2867
5242949,80,69,2925
5242950,80,70,2959
5242951,80,71,2978
5242952,80,72,2978
5242953,80,73,2978
5242954,80,74,2982
5242955,80,75,2981
5242956,80,76,2983
5242957,80,77,2987
5242958,80,78,2990
5242959,80,79,2993
5242960,80,80,2995
5242961,80,81,3000
5242962,80,82,3001
5242963,80,83,3006
5242964,80,84,3008
5242965,80,85,3009
5242966,80,86,3014
5242967,80,87,3017
5242968,80,88,3019
5242969,80,89,3023
5308417,81,1,1602
5308418,81,2,1600
5308419,81,3,1598
5308420,81,4,1595
5308421,81,5,1594
5308422,81,6,1592
5308423,81,7,1589
5308424,81,8,1590
5308425,81,9,1591
5308426,81,10,1573
5308427,81,11,899
5308428,81,12,880
5308429,81,13,874
5308430,81,14,872
5308431,81,15,871
5308432,81,16,871
5308433,81,17,871
5308434,81,18,871
5308435,81,19,871
5308436,81,20,872
5308437,81,21,873
5308438,81,22,874
5308439,81,23,875
5308440,81,24,878
5308441,81,25,881
5308442,81,26,884
5308443,81,27,887
5308444,81,28,890
5308445,81,29,893
5308446,81,30,896
5308447,81,31,901
5308448,81,32,907
5308449,81,33,913
5308450,81,34,919
5308451,81,35,929
5308452,81,36,939
5308453,81,37,953
5308454,81,38,970
5308455,81,39,993
5308456,81,40,1025
5308457,81,41,1073
5308458,81,42,1154
5308459,81,43,1315
5308460,81,44,1799
5308461,81,45,2364
5308462,81,46,2387
5308463,81,47,2392
5308464,81,48,2401
5308465,81,49,2416
5308466,81,50,2411
5308467,81,51,2394
5308468,81,52,2354
5308469,81,53,2318
5308470,81,54,2292
5308471,81,55,2301
5308472,81,56,2315
5308473,81,57,2328
5308474,81,58,2363
5308475,81,59,2397
5308476,81,60,2439
5308477,81,61,2492
5308478,81,62,2546
5308479,81,63,2600
5308480,81,64,2656
5308481,81,65,2713
5308482,81,66,2768
5308483,81,67,2826
5308484,81,68,2880
5308485,81,69,2938
5308486,81,70,2969
5308487,81,71,2987
5308488,81,72,2987
5308489,81,73,2987
5308490,81,74,2991
5308491,81,75,2994
5308492,81,76,2992
5308493,81,77,2996
5308494,81,78,2999
5308495,81,79,3002
5308496,81,80,3004
5308497,81,81,3008
5308498,81,82,3010
5308499,81,83,3014
5308500,81,84,3017
5308501,81,85,3018
5308502,81,86,3022
5308503,81,87,3026
5308504,81,88,3029
5308505,81,89,3030
5373953,82,1,1624
5373954,82,2,1623
5373955,82,3,1621
5373956,82,4,1619
5373957,82,5,1618
5373958,82,6,1617
5373959,82,7,1614
5373960,82,8,1616
5373961,82,9,1617
5373962,82,10,1600
5373963,82,11,971
5373964,82,12,928
5373965,82,13,917
5373966,82,14,911
5373967,82,15,909
5373968,82,16,908
5373969,82,17,909
5373970,82,18,911
5373971,82,19,912
5373972,82,20,915
5373973,82,21,917
5373974,82,22,920
5373975,82,23,922
5373976,82,24,927
5373977,82,25,931
5373978,82,26,936
5373979,82,27,940
5373980,82,28,947
5373981,82,29,953
5373982,82,30,962
5373983,82,31,970
5373984,82,32,982
5373985,82,33,993
5373986,82,34,1009
5373987,82,35,1025
5373988,82,36,1049
5373989,82,37,1073
5373990,82,38,1111
5373991,82,39,1154
5373992,82,40,1223
5373993,82,41,1315
5373994,82,42,1484
5373995,82,43,1799
5373996,82,44,1974
5373997,82,45,2371
5373998,82,46,2394
5373999,82,47,2400
5374000,82,48,2410
5374001,82,49,2424
5374002,82,50,2421
5374003,82,51,2407
5374004,82,52,2367
5374005,82,53,2334
5374006,82,54,2308
5374007,82,55,2315
5374008,82,56,2329
5374009,82,57,2354
5374010,82,58,2380
5374011,82,59,2414
5374012,82,60,2460
5374013,82,61,2503
5374014,82,62,2564
5374015,82,63,2619
5374016,82,64,2668
5374017,82,65,2725
5374018,82,66,2779
5374019,82,67,2831
5374020,82,68,2886
5374021,82,69,2941
5374022,82,70,2970
5374023,82,71,2988
5374024,82,72,2987
5374025,82,73,2987
5374026,82,74,2991
5374027,82,75,2994
5374028,82,76,2996
5374029,82,77,2996
5374030,82,78,2999
5374031,82,79,3002
5374032,82,80,3004
5374033,82,81,3008
5374034,82,82,3010
5374035,82,83,3013
5374036,82,84,3017
5374037,82,85,3019
5374038,82,86,3022
5374039,82,87,3025
5374040,82,88,3028
5374041,82,89,3030
5439489,83,1,1645
5439490,83,2,1646
5439491,83,3,1642
5439492,83,4,1643
5439493,83,5,1643
5439494,83,6,1641
5439495,83,7,1640
5439496,83,8,1642
5439497,83,9,1643
5439498,83,10,1627
5439499,83,11,1044
5439500,83,12,980
5439501,83,13,960
5439502,83,14,955
5439503,83,15,951
5439504,83,16,950
5439505,83,17,951
5439506,83,18,951
5439507,83,19,954
5439508,83,20,959
5439509,83,21,961
5439510,83,22,966
5439511,83,23,971
5439512,83,24,975
5439513,83,25,983
5439514,83,26,990
5439515,83,27,997
5439516,83,28,1008
5439517,83,29,1019
5439518,83,30,1028
5439519,83,31,1044
5439520,83,32,1060
5439521,83,33,1075
5439522,83,34,1100
5439523,83,35,1127
5439524,83,36,1155
5439525,83,37,1200
5439526,83,38,1252
5439527,83,39,1315
5439528,83,40,1421
5439529,83,41,1568
5439530,83,42,1799
5439531,83,43,1926
5439532,83,44,2032
5439533,83,45,2378
5439534,83,46,2401
5439535,83,47,2408
5439536,83,48,2418
5439537,83,49,2431
5439538,83,50,2429
5439539,83,51,2419
5439540,83,52,2382
5439541,83,53,2353
5439542,83,54,2319
5439543,83,55,2330
5439544,83,56,2337
5439545,83,57,2367
5439546,83,58,2395
5439547,83,59,2436
5439548,83,60,2479
5439549,83,61,2531
5439550,83,62,2578
5439551,83,63,2627
5439552,83,64,2681
5439553,83,65,2735
5439554,83,66,2784
5439555,83,67,2839
5439556,83,68,2891
5439557,83,69,2943
5439558,83,70,2970
5439559,83,71,2988
5439560,83,72,2988
5439561,83,73,2987
5439562,83,74,2991
5439563,83,75,2994
5439564,83,76,2996
5439565,83,77,2998
5439566,83,78,2999
5439567,83,79,3000
5439568,83,80,3004
5439569,83,81,3007
5439570,83,82,3010
5439571,83,83,3013
5439572,83,84,3015
5439573,83,85,3019
5439574,83,86,3023
5439575,83,87,3025
5439576,83,88,3026
5439577,83,89,3030
5505025,84,1,1666
5505026,84,2,1667
5505027,84,3,1666
5505028,84,4,1667
5505029,84,5,1666
5505030,84,6,1666
5505031,84,7,1665
5505032,84,8,1668
5505033,84,9,1669
5505034,84,10,1655
5505035,84,11,1118
5505036,84,12,1032
5505037,84,13,1007
5505038,84,14,995
5505039,84,15,993
5505040,84,16,991
5505041,84,17,991
5505042,84,18,994
5505043,84,19,997
5505044,84,20,1002
5505045,84,21,1005
5505046,84,22,1012
5505047,84,23,1018
5505048,84,24,1027
5505049,84,25,1033
5505050,84,26,1045
5505051,84,27,1055
5505052,84,28,1068
5505053,84,29,1078
5505054,84,30,1098
5505055,84,31,1115
5505056,84,32,1138
5505057,84,33,1158
5505058,84,34,1192
5505059,84,35,1226
5505060,84,36,1272
5505061,84,37,1318
5505062,84,38,1396
5505063,84,39,1486
5505064,84,40,1621
5505065,84,41,1801
5505066,84,42,1903
5505067,84,43,1981
5505068,84,44,2066
5505069,84,45,2386
5505070,84,46,2409
5505071,84,47,2416
5505072,84,48,2427
5505073,84,49,2442
5505074,84,50,2440
5505075,84,51,2430
5505076,84,52,2397
5505077,84,53,2367
5505078,84,54,2339
5505079,84,55,2344
5505080,84,56,2363
5505081,84,57,2386
5505082,84,58,2415
5505083,84,59,2453
5505084,84,60,2498
5505085,84,61,2548
5505086,84,62,2597
5505087,84,63,2646
5505088,84,64,2697
5505089,84,65,2744
5505090,84,66,2795
5505091,84,67,2845
5505092,84,68,2895
5505093,84,69,2946
5505094,84,70,2970
5505095,84,71,2989
5505096,84,72,2988
5505097,84,73,2988
5505098,84,74,2990
5505099,84,75,2994
5505100,84,76,2996
5505101,84,77,2998
5505102,84,78,3001
5505103,84,79,3000
5505104,84,80,3003
5505105,84,81,3007
5505106,84,82,3009
5505107,84,83,3013
5505108,84,84,3015
5505109,84,85,3018
5505110,84,86,3019
5505111,84,87,3024
5505112,84,88,3027
5505113,84,89,3029
5570561,85,1,1690
5570562,85,2,1690
5570563,85,3,1690
5570564,85,4,1691
5570565,85,5,1689
5570566,85,6,1691
5570567,85,7,1691
5570568,85,8,1694
5570569,85,9,1698
5570570,85,10,1681
5570571,85,11,1193
5570572,85,12,1087
5570573,85,13,1054
5570574,85,14,1041
5570575,85,15,1029
5570576,85,16,1034
5570577,85,17,1034
5570578,85,18,1037
5570579,85,19,1041
5570580,85,20,1041
5570581,85,21,1053
5570582,85,22,1060
5570583,85,23,1068
5570584,85,24,1078
5570585,85,25,1082
5570586,85,26,1100
5570587,85,27,1114
5570588,85,28,1129
5570589,85,29,1147
5570590,85,30,1160
5570591,85,31,1189
5570592,85,32,1216
5570593,85,33,1247
5570594,85,34,1284
5570595,85,35,1319
5570596,85,36,1383
5570597,85,37,1451
5570598,85,38,1539
5570599,85,39,1656
5570600,85,40,1802
5570601,85,41,1891
5570602,85,42,1956
5570603,85,43,2022
5570604,85,44,2090
5570605,85,45,2392
5570606,85,46,2417
5570607,85,47,2426
5570608,85,48,2437
5570609,85,49,2452
5570610,85,50,2445
5570611,85,51,2442
5570612,85,52,2408
5570613,85,53,2382
5570614,85,54,2357
5570615,85,55,2349
5570616,85,56,2375
5570617,85,57,2401
5570618,85,58,2428
5570619,85,59,2471
5570620,85,60,2507
5570621,85,61,2562
5570622,85,62,2609
5570623,85,63,2659
5570624,85,64,2703
5570625,85,65,2749
5570626,85,66,2801
5570627,85,67,2849
5570628,85,68,2897
5570629,85,69,2947
5570630,85,70,2970
5570631,85,71,2989
5570632,85,72,2989
5570633,85,73,2988
5570634,85,74,2990
5570635,85,75,2993
5570636,85,76,2996
5570637,85,77,2998
5570638,85,78,3001
5570639,85,79,3004
5570640,85,80,3002
5570641,85,81,3007
5570642,85,82,3009
5570643,85,83,3010
5570644,85,84,3015
5570645,85,85,3017
5570646,85,86,3019
5570647,85,87,3023
5570648,85,88,3026
5570649,85,89,3029
5636097,86,1,1712
5636098,86,2,1713
5636099,86,3,1711
5636100,86,4,1714
5636101,86,5,1715
5636102,86,6,1715
5636103,86,7,1716
5636104,86,8,1721
5636105,86,9,1723
5636106,86,10,1712
5636107,86,11,1266
5636108,86,12,1135
5636109,86,13,1097
5636110,86,14,1083
5636111,86,15,1074
5636112,86,16,1072
5636113,86,17,1075
5636114,86,18,1077
5636115,86,19,1082
5636116,86,20,1090
5636117,86,21,1093
5636118,86,22,1105
5636119,86,23,1115
5636120,86,24,1125
5636121,86,25,1139
5636122,86,26,1154
5636123,86,27,1166
5636124,86,28,1189
5636125,86,29,1209
5636126,86,30,1232
5636127,86,31,1260
5636128,86,32,1294
5636129,86,33,1323
5636130,86,34,1375
5636131,86,35,1427
5636132,86,36,1490
5636133,86,37,1573
5636134,86,38,1681
5636135,86,39,1804
5636136,86,40,1882
5636137,86,41,1935
5636138,86,42,1989
5636139,86,43,2049
5636140,86,44,2109
5636141,86,45,2403
5636142,86,46,2428
5636143,86,47,2436
5636144,86,48,2447
5636145,86,49,2463
5636146,86,50,2461
5636147,86,51,2454
5636148,86,52,2426
5636149,86,53,2401
5636150,86,54,2378
5636151,86,55,2378
5636152,86,56,2395
5636153,86,57,2419
5636154,86,58,2450
5636155,86,59,2490
5636156,86,60,2537
5636157,86,61,2580
5636158,86,62,2626
5636159,86,63,2672
5636160,86,64,2717
5636161,86,65,2765
5636162,86,66,2809
5636163,86,67,2856
5636164,86,68,2902
5636165,86,69,2948
5636166,86,70,2972
5636167,86,71,2989
5636168,86,72,2989
5636169,86,73,2989
5636170,86,74,2991
5636171,86,75,2993
5636172,86,76,2995
5636173,86,77,2998
5636174,86,78,3001
5636175,86,79,3004
5636176,86,80,3006
5636177,86,81,3004
5636178,86,82,3008
5636179,86,83,3010
5636180,86,84,3014
5636181,86,85,3017
5636182,86,86,3019
5636183,86,87,3023
5636184,86,88,3025
5636185,86,89,3029
5701633,87,1,1735
5701634,87,2,1736
5701635,87,3,1733
5701636,87,4,1738
5701637,87,5,1740
5701638,87,6,1741
5701639,87,7,1743
5701640,87,8,1748
5701641,87,9,1753
5701642,87,10,1736
5701643,87,11,1341
5701644,87,12,1192
5701645,87,13,1146
5701646,87,14,1127
5701647,87,15,1120
5701648,87,16,1117
5701649,87,17,1109
5701650,87,18,1122
5701651,87,19,1127
5701652,87,20,1135
5701653,87,21,1143
5701654,87,22,1154
5701655,87,23,1165
5701656,87,24,1170
5701657,87,25,1193
5701658,87,26,1210
5701659,87,27,1229
5701660,87,28,1251
5701661,87,29,1275
5701662,87,30,1304
5701663,87,31,1324
5701664,87,32,1372
5701665,87,33,1416
5701666,87,34,1468
5701667,87,35,1530
5701668,87,36,1607
5701669,87,37,1702
5701670,87,38,1805
5701671,87,39,1878
5701672,87,40,1924
5701673,87,41,1973
5701674,87,42,2022
5701675,87,43,2074
5701676,87,44,2127
5701677,87,45,2411
5701678,87,46,2434
5701679,87,47,2445
5701680,87,48,2456
5701681,87,49,2473
5701682,87,50,2470
5701683,87,51,2466
5701684,87,52,2438
5701685,87,53,2418
5701686,87,54,2386
5701687,87,55,2393
5701688,87,56,2410
5701689,87,57,2436
5701690,87,58,2465
5701691,87,59,2509
5701692,87,60,2552
5701693,87,61,2595
5701694,87,62,2633
5701695,87,63,2684
5701696,87,64,2728
5701697,87,65,2774
5701698,87,66,2813
5701699,87,67,2862
5701700,87,68,2906
5701701,87,69,2951
5701702,87,70,2973
5701703,87,71,2992
5701704,87,72,2990
5701705,87,73,2989
5701706,87,74,2991
5701707,87,75,2994
5701708,87,76,2995
5701709,87,77,2997
5701710,87,78,3001
5701711,87,79,3004
5701712,87,80,3006
5701713,87,81,3008
5701714,87,82,3008
5701715,87,83,3010
5701716,87,84,3013
5701717,87,85,3017
5701718,87,86,3019
5701719,87,87,3023
5701720,87,88,3025
5701721,87,89,3027
5767169,88,1,1755
5767170,88,2,1758
5767171,88,3,1759
5767172,88,4,1762
5767173,88,5,1761
5767174,88,6,1766
5767175,88,7,1769
5767176,88,8,1775
5767177,88,9,1779
5767178,88,10,1768
5767179,88,11,1414
5767180,88,12,1241
5767181,88,13,1187
5767182,88,14,1168
5767183,88,15,1161
5767184,88,16,1158
5767185,88,17,1158
5767186,88,18,1160
5767187,88,19,1169
5767188,88,20,1178
5767189,88,21,1182
5767190,88,22,1199
5767191,88,23,1212
5767192,88,24,1228
5767193,88,25,1243
5767194,88,26,1263
5767195,88,27,1285
5767196,88,28,1310
5767197,88,29,1329
5767198,88,30,1371
5767199,88,31,1407
5767200,88,32,1451
5767201,88,33,1496
5767202,88,34,1558
5767203,88,35,1628
5767204,88,36,1718
5767205,88,37,1808
5767206,88,38,1874
5767207,88,39,1914
5767208,88,40,1958
5767209,88,41,1999
5767210,88,42,2047
5767211,88,43,2090
5767212,88,44,2146
5767213,88,45,2420
5767214,88,46,2444
5767215,88,47,2454
5767216,88,48,2462
5767217,88,49,2481
5767218,88,50,2481
5767219,88,51,2477
5767220,88,52,2453
5767221,88,53,2432
5767222,88,54,2416
5767223,88,55,2407
5767224,88,56,2426
5767225,88,57,2454
5767226,88,58,2486
5767227,88,59,2518
5767228,88,60,2568
5767229,88,61,2607
5767230,88,62,2653
5767231,88,63,2696
5767232,88,64,2738
5767233,88,65,2782
5767234,88,66,2826
5767235,88,67,2866
5767236,88,68,2911
5767237,88,69,2953
5767238,88,70,2974
5767239,88,71,2993
5767240,88,72,2991
5767241,88,73,2991
5767242,88,74,2992
5767243,88,75,2995
5767244,88,76,2997
5767245,88,77,2998
5767246,88,78,3001
5767247,88,79,3004
5767248,88,80,3007
5767249,88,81,3009
5767250,88,82,3011
5767251,88,83,3010
5767252,88,84,3013
5767253,88,85,3015
5767254,88,86,3018
5767255,88,87,3019
5767256,88,88,3024
5767257,88,89,3027
5832705,89,1,1779
5832706,89,2,1781
5832707,89,3,1782
5832708,89,4,1786
5832709,89,5,1789
5832710,89,6,1790
5832711,89,7,1795
5832712,89,8,1801
5832713,89,9,1803
5832714,89,10,1797
5832715,89,11,1488
5832716,89,12,1295
5832717,89,13,1235
5832718,89,14,1214
5832719,89,15,1202
5832720,89,16,1199
5832721,89,17,1201
5832722,89,18,1200
5832723,89,19,1210
5832724,89,20,1223
5832725,89,21,1232
5832726,89,22,1246
5832727,89,23,1262
5832728,89,24,1276
5832729,89,25,1297
5832730,89,26,1319
5832731,89,27,1335
5832732,89,28,1371
5832733,89,29,1403
5832734,89,30,1437
5832735,89,31,1480
5832736,89,32,1529
5832737,89,33,1581
5832738,89,34,1651
5832739,89,35,1731
5832740,89,36,1811
5832741,89,37,1872
5832742,89,38,1908
5832743,89,39,1944
5832744,89,40,1987
5832745,89,41,2029
5832746,89,42,2065
5832747,89,43,2110
5832748,89,44,2164
5832749,89,45,2430
5832750,89,46,2453
5832751,89,47,2463
5832752,89,48,2476
5832753,89,49,2492
5832754,89,50,2492
5832755,89,51,2489
5832756,89,52,2467
5832757,89,53,2441
5832758,89,54,2432
5832759,89,55,2423
5832760,89,56,2441
5832761,89,57,2469
5832762,89,58,2503
5832763,89,59,2545
5832764,89,60,2583
5832765,89,61,2625
5832766,89,62,2664
5832767,89,63,2706
5832768,89,64,2746
5832769,89,65,2790
5832770,89,66,2831
5832771,89,67,2872
5832772,89,68,2914
5832773,89,69,2956
5832774,89,70,2976
5832775,89,71,2994
5832776,89,72,2994
5832777,89,73,2991
5832778,89,74,2993
5832779,89,75,2997
5832780,89,76,2998
5832781,89,77,3000
5832782,89,78,3002
5832783,89,79,3005
5832784,89,80,3008
5832785,89,81,3010
5832786,89,82,3012
5832787,89,83,3015
5832788,89,84,3014
5832789,89,85,3016
5832790,89,86,3019
5832791,89,87,3020
5832792,89,88,3024
5832793,89,89,3027
